year,month,day,irradiance
2020,8,1,4.57
2020,8,2,6.3
2020,8,3,4.96
2020,8,4,5.42
2020,8,5,3.24
2020,8,6,5.96
2020,8,7,5.17
2020,8,8,6.17
2020,8,9,3.88
2020,8,10,3.99
2020,8,11,3.76
2020,8,12,4.44
2020,8,13,1.3
2020,8,14,3.76
2020,8,15,4.84
2020,8,16,4.9
2020,8,17,4.19
2020,8,18,4.42
2020,8,19,0.93
2020,8,20,2.23
2020,8,21,5.76
2020,8,22,5.46
2020,8,23,4.78
2020,8,24,4.91
2020,8,25,4.43
2020,8,26,5.75
2020,8,27,5.05
2020,8,28,3.21
2020,8,29,5.08
2020,8,30,3.47
2020,8,31,5.23
2021,8,1,3.19
2021,8,2,3.69
2021,8,3,4.53
2021,8,4,5.36
2021,8,5,5.17
2021,8,6,4.8
2021,8,7,3.27
2021,8,8,2.7
2021,8,9,3.21
2021,8,10,5.98
2021,8,11,6.38
2021,8,12,6.21
2021,8,13,5.67
2021,8,14,6.46
2021,8,15,6.4
2021,8,16,6.43
2021,8,17,6.23
2021,8,18,5.83
2021,8,19,4.31
2021,8,20,1.92
2021,8,21,3.13
2021,8,22,4.19
2021,8,23,4.81
2021,8,24,3.79
2021,8,25,6.14
2021,8,26,5.47
2021,8,27,5.82
2021,8,28,4.34
2021,8,29,3.91
2021,8,30,4.67
2021,8,31,1.64
2019,8,1,5.08
2019,8,2,3.54
2019,8,3,3.52
2019,8,4,3.75
2019,8,5,4.34
2019,8,6,1.33
2019,8,7,4.06
2019,8,8,6.01
2019,8,9,4.78
2019,8,10,4.62
2019,8,11,5.91
2019,8,12,4.45
2019,8,13,3.55
2019,8,14,5.2
2019,8,15,5.15
2019,8,16,4.28
2019,8,17,2.62
2019,8,18,2.92
2019,8,19,5.54
2019,8,20,5.84
2019,8,21,6.07
2019,8,22,4.76
2019,8,23,5.67
2019,8,24,3.14
2019,8,25,3.25
2019,8,26,5.92
2019,8,27,5.97
2019,8,28,6.16
2019,8,29,5.44
2019,8,30,5.76
2019,8,31,5.41
2018,8,1,6.07
2018,8,2,5.33
2018,8,3,4.71
2018,8,4,4.3
2018,8,5,2.1
2018,8,6,2.5
2018,8,7,3.91
2018,8,8,5.17
2018,8,9,6.28
2018,8,10,5.55
2018,8,11,4.98
2018,8,12,3.19
2018,8,13,4.81
2018,8,14,4.87
2018,8,15,3.93
2018,8,16,5.28
2018,8,17,6.01
2018,8,18,5.23
2018,8,19,3.02
2018,8,20,4.12
2018,8,21,5.73
2018,8,22,4.15
2018,8,23,3.79
2018,8,24,3.09
2018,8,25,4.05
2018,8,26,5.33
2018,8,27,3.23
2018,8,28,3.77
2018,8,29,3.51
2018,8,30,4.52
2018,8,31,4.37
2017,8,1,3.56
2017,8,2,3.51
2017,8,3,4.48
2017,8,4,4.27
2017,8,5,4.36
2017,8,6,4.27
2017,8,7,2.78
2017,8,8,4.73
2017,8,9,3.51
2017,8,10,4.52
2017,8,11,5.29
2017,8,12,5.24
2017,8,13,5.25
2017,8,14,5.58
2017,8,15,5.86
2017,8,16,6.27
2017,8,17,6.16
2017,8,18,5.66
2017,8,19,1.18
2017,8,20,6.07
2017,8,21,5.77
2017,8,22,4.75
2017,8,23,3.31
2017,8,24,4.64
2017,8,25,4.71
2017,8,26,3.5
2017,8,27,6.04
2017,8,28,3.98
2017,8,29,4.69
2017,8,30,4.77
2017,8,31,3.06
2016,8,1,3.68
2016,8,2,5.08
2016,8,3,6.74
2016,8,4,6.68
2016,8,5,6.64
2016,8,6,3.46
2016,8,7,6.47
2016,8,8,5.82
2016,8,9,4.43
2016,8,10,4.15
2016,8,11,2.74
2016,8,12,3.45
2016,8,13,3.73
2016,8,14,3.35
2016,8,15,5.77
2016,8,16,6.13
2016,8,17,3.33
2016,8,18,3.64
2016,8,19,5.17
2016,8,20,5.95
2016,8,21,6.2
2016,8,22,5.92
2016,8,23,4.4
2016,8,24,3.63
2016,8,25,5.28
2016,8,26,4.76
2016,8,27,5.87
2016,8,28,5.11
2016,8,29,3.99
2016,8,30,3.76
2016,8,31,2.38
2015,8,1,3.62
2015,8,2,5.38
2015,8,3,6.44
2015,8,4,5.51
2015,8,5,4.15
2015,8,6,3.73
2015,8,7,3.12
2015,8,8,2.02
2015,8,9,3.05
2015,8,10,4.36
2015,8,11,2.49
2015,8,12,5.8
2015,8,13,5.54
2015,8,14,3.29
2015,8,15,2.93
2015,8,16,4.74
2015,8,17,5.02
2015,8,18,5.44
2015,8,19,6.23
2015,8,20,5.6
2015,8,21,4.51
2015,8,22,5.58
2015,8,23,5.51
2015,8,24,6.27
2015,8,25,6.74
2015,8,26,6.28
2015,8,27,6.26
2015,8,28,5.55
2015,8,29,6.45
2015,8,30,6.12
2015,8,31,6.44
2022,8,1,5
2022,8,2,5.78
2022,8,3,4.31
2022,8,4,3.73
2022,8,5,3.32
2022,8,6,3.64
2022,8,7,1.64
2022,8,8,5.86
2022,8,9,5.98
2022,8,10,6.49
2022,8,11,2.45
2022,8,12,6.39
2022,8,13,5.19
2022,8,14,3.17
2022,8,15,4.68
2022,8,16,3.67
2022,8,17,5.83
2022,8,18,6.36
2022,8,19,6.01
2022,8,20,3.78
2022,8,21,5.29
2022,8,22,5.08
2022,8,23,5.52
2022,8,24,4.24
2022,8,25,5.36
2022,8,26,5.59
2022,8,27,5.88
2022,8,28,5.71
2022,8,29,4.93
2022,8,30,4.72
2022,8,31,5.56
2008,8,1,5.04
2008,8,2,5.19
2008,8,3,4.5
2008,8,4,4.27
2008,8,5,3.01
2008,8,6,4.63
2008,8,7,4.32
2008,8,8,1.87
2008,8,9,5.91
2008,8,10,4.74
2008,8,11,6.08
2008,8,12,3.45
2008,8,13,3.51
2008,8,14,3.26
2008,8,15,3.09
2008,8,16,3.94
2008,8,17,3.56
2008,8,18,5.35
2008,8,19,5.71
2008,8,20,4.72
2008,8,21,3.08
2008,8,22,1.72
2008,8,23,5.62
2008,8,24,4.71
2008,8,25,5.34
2008,8,26,3.97
2008,8,27,5.54
2008,8,28,6.5
2008,8,29,6.66
2008,8,30,6.42
2008,8,31,6.48
2009,8,1,6.4
2009,8,2,6.23
2009,8,3,6.26
2009,8,4,6.04
2009,8,5,4.77
2009,8,6,4.52
2009,8,7,6.03
2009,8,8,6.38
2009,8,9,6.66
2009,8,10,6.28
2009,8,11,5
2009,8,12,5.75
2009,8,13,4.1
2009,8,14,2.53
2009,8,15,2.43
2009,8,16,2.71
2009,8,17,3.92
2009,8,18,6.1
2009,8,19,5.66
2009,8,20,6.15
2009,8,21,5.75
2009,8,22,6.26
2009,8,23,6.49
2009,8,24,5.93
2009,8,25,4.34
2009,8,26,3.19
2009,8,27,4
2009,8,28,5.93
2009,8,29,5.54
2009,8,30,3.8
2009,8,31,5.78
2010,8,1,2.7
2010,8,2,5.27
2010,8,3,4.9
2010,8,4,4.88
2010,8,5,2.38
2010,8,6,6.26
2010,8,7,6.51
2010,8,8,6.55
2010,8,9,6.01
2010,8,10,5.81
2010,8,11,5.11
2010,8,12,3.65
2010,8,13,5.22
2010,8,14,4.51
2010,8,15,5.25
2010,8,16,3.78
2010,8,17,4.47
2010,8,18,3.33
2010,8,19,2.26
2010,8,20,3.51
2010,8,21,2.85
2010,8,22,3.18
2010,8,23,4.82
2010,8,24,4.25
2010,8,25,3.64
2010,8,26,5.02
2010,8,27,5.32
2010,8,28,4.29
2010,8,29,4.78
2010,8,30,4.63
2010,8,31,4.19
2011,8,1,5.51
2011,8,2,5.81
2011,8,3,4.48
2011,8,4,3.55
2011,8,5,4.06
2011,8,6,3.09
2011,8,7,5.03
2011,8,8,4.91
2011,8,9,5
2011,8,10,3.85
2011,8,11,3.5
2011,8,12,3.15
2011,8,13,5.59
2011,8,14,3.93
2011,8,15,2.01
2011,8,16,1.69
2011,8,17,4.59
2011,8,18,5.52
2011,8,19,3.55
2011,8,20,5.44
2011,8,21,6.01
2011,8,22,5.84
2011,8,23,2.43
2011,8,24,4.13
2011,8,25,5.45
2011,8,26,4.56
2011,8,27,3.9
2011,8,28,6.27
2011,8,29,6.16
2011,8,30,6.05
2011,8,31,6.16
2012,8,1,2.4
2012,8,2,4.29
2012,8,3,5.7
2012,8,4,4.43
2012,8,5,4.63
2012,8,6,4.62
2012,8,7,3
2012,8,8,3.88
2012,8,9,2.61
2012,8,10,4.95
2012,8,11,3.99
2012,8,12,6.18
2012,8,13,4.28
2012,8,14,4.43
2012,8,15,4.82
2012,8,16,4.98
2012,8,17,5.52
2012,8,18,5.24
2012,8,19,3.52
2012,8,20,3.51
2012,8,21,1.92
2012,8,22,3.56
2012,8,23,3.58
2012,8,24,3.04
2012,8,25,2.07
2012,8,26,3.96
2012,8,27,4.78
2012,8,28,4.29
2012,8,29,2.56
2012,8,30,2.71
2012,8,31,5.61
2013,8,1,5.26
2013,8,2,6.29
2013,8,3,5.96
2013,8,4,6.43
2013,8,5,3.99
2013,8,6,3.58
2013,8,7,4.36
2013,8,8,3.17
2013,8,9,1.81
2013,8,10,5.06
2013,8,11,4.07
2013,8,12,4.78
2013,8,13,4.63
2013,8,14,5.02
2013,8,15,3.6
2013,8,16,3.03
2013,8,17,3.71
2013,8,18,4.78
2013,8,19,4.47
2013,8,20,3.51
2013,8,21,5.82
2013,8,22,4.6
2013,8,23,5.57
2013,8,24,6.11
2013,8,25,4.99
2013,8,26,6.03
2013,8,27,6.13
2013,8,28,5.04
2013,8,29,4.58
2013,8,30,2.96
2013,8,31,3.21
2014,8,1,6.36
2014,8,2,3.59
2014,8,3,5.41
2014,8,4,3.84
2014,8,5,3.96
2014,8,6,4.82
2014,8,7,4.25
2014,8,8,4.12
2014,8,9,4.75
2014,8,10,4.08
2014,8,11,4.87
2014,8,12,6.07
2014,8,13,6.38
2014,8,14,6.26
2014,8,15,5.04
2014,8,16,5.15
2014,8,17,6.55
2014,8,18,6.34
2014,8,19,5.87
2014,8,20,6.59
2014,8,21,6.79
2014,8,22,6.98
2014,8,23,6.83
2014,8,24,6.96
2014,8,25,6.73
2014,8,26,6.53
2014,8,27,6.39
2014,8,28,4.55
2014,8,29,4.5
2014,8,30,4.06
2014,8,31,3.75
2023,8,1,6.3
2023,8,2,4.77
2023,8,3,4.99
2023,8,4,3.17
2023,8,5,3.79
2023,8,6,5.49
2023,8,7,4.77
2023,8,8,4.77
2023,8,9,4.51
2023,8,10,4.81
2023,8,11,5.53
2023,8,12,6.27
2023,8,13,4.49
2023,8,14,4.57
2023,8,15,4.51
2023,8,16,5.12
2023,8,17,5.98
2023,8,18,5.77
2023,8,19,3.97
2023,8,20,6
2023,8,21,5.64
2023,8,22,3.16
2023,8,23,0.88
2023,8,24,4.78
2023,8,25,5.49
2023,8,26,5.68
2023,8,27,5.66
2023,8,28,5.78
2023,8,29,6.03
2023,8,30,6.1
2023,8,31,6.09
2022,9,1,5.36
2022,9,2,4.44
2022,9,3,6.07
2022,9,4,6.16
2022,9,5,6.1
2022,9,6,5.57
2022,9,7,5.97
2022,9,8,5.42
2022,9,9,4.74
2022,9,10,4.2
2022,9,11,5.22
2022,9,12,5.39
2022,9,13,5.19
2022,9,14,3.12
2022,9,15,2.43
2022,9,16,1.75
2022,9,17,4.85
2022,9,18,4.94
2022,9,19,3.34
2022,9,20,3.56
2022,9,21,2.44
2022,9,22,1.6
2022,9,23,1.7
2022,9,24,1.12
2022,9,25,3.2
2022,9,26,4.72
2022,9,27,5.37
2022,9,28,5.27
2022,9,29,5.2
2022,9,30,4.99
2021,9,1,1
2021,9,2,4.94
2021,9,3,5.23
2021,9,4,3.87
2021,9,5,5.33
2021,9,6,5.01
2021,9,7,3.59
2021,9,8,4.85
2021,9,9,4.06
2021,9,10,4.16
2021,9,11,1.05
2021,9,12,4.71
2021,9,13,3.06
2021,9,14,5.07
2021,9,15,4.99
2021,9,16,2.45
2021,9,17,3.36
2021,9,18,4.63
2021,9,19,5.57
2021,9,20,5.41
2021,9,21,4.33
2021,9,22,2.97
2021,9,23,4.53
2021,9,24,4.1
2021,9,25,4.14
2021,9,26,4.05
2021,9,27,5.11
2021,9,28,5.44
2021,9,29,5.29
2021,9,30,4.94
2020,9,1,5.78
2020,9,2,4.96
2020,9,3,4.86
2020,9,4,4.75
2020,9,5,5.35
2020,9,6,5.49
2020,9,7,4.77
2020,9,8,5.5
2020,9,9,5.77
2020,9,10,6.01
2020,9,11,5.93
2020,9,12,5.72
2020,9,13,5.17
2020,9,14,4.56
2020,9,15,5.03
2020,9,16,5.4
2020,9,17,5.75
2020,9,18,5.7
2020,9,19,5.24
2020,9,20,5.38
2020,9,21,5.18
2020,9,22,5.21
2020,9,23,4.97
2020,9,24,5.09
2020,9,25,5.7
2020,9,26,4.4
2020,9,27,5.59
2020,9,28,5.74
2020,9,29,5.62
2020,9,30,5.78
2019,9,1,3.34
2019,9,2,5.33
2019,9,3,4.49
2019,9,4,4.09
2019,9,5,4.44
2019,9,6,4.76
2019,9,7,3.83
2019,9,8,5.31
2019,9,9,5.54
2019,9,10,5.17
2019,9,11,5.39
2019,9,12,4.46
2019,9,13,5.09
2019,9,14,4.08
2019,9,15,3.68
2019,9,16,5.04
2019,9,17,4.48
2019,9,18,5.44
2019,9,19,4.37
2019,9,20,4.77
2019,9,21,4.85
2019,9,22,2.79
2019,9,23,4.49
2019,9,24,4.07
2019,9,25,4.27
2019,9,26,4.17
2019,9,27,3.76
2019,9,28,3.52
2019,9,29,3.11
2019,9,30,3.57
2018,9,1,2.74
2018,9,2,2.68
2018,9,3,2.15
2018,9,4,3.05
2018,9,5,2.86
2018,9,6,4.99
2018,9,7,4.01
2018,9,8,3.43
2018,9,9,5.03
2018,9,10,4.65
2018,9,11,4.82
2018,9,12,5.53
2018,9,13,5.93
2018,9,14,5.95
2018,9,15,5.91
2018,9,16,6.04
2018,9,17,5.57
2018,9,18,5.92
2018,9,19,6.01
2018,9,20,5.89
2018,9,21,4.68
2018,9,22,1.91
2018,9,23,2.6
2018,9,24,1.62
2018,9,25,3.24
2018,9,26,5.86
2018,9,27,5.68
2018,9,28,5.86
2018,9,29,5.96
2018,9,30,5.73
2017,9,1,3.62
2017,9,2,3.67
2017,9,3,5.98
2017,9,4,5.85
2017,9,5,5.93
2017,9,6,5.73
2017,9,7,4.16
2017,9,8,5.54
2017,9,9,6.1
2017,9,10,6.03
2017,9,11,5.15
2017,9,12,5.43
2017,9,13,5.3
2017,9,14,3.95
2017,9,15,5.46
2017,9,16,2.88
2017,9,17,4.73
2017,9,18,5.89
2017,9,19,5.3
2017,9,20,5.29
2017,9,21,4.55
2017,9,22,1.03
2017,9,23,1.67
2017,9,24,4.65
2017,9,25,5.86
2017,9,26,5.85
2017,9,27,5.76
2017,9,28,5.71
2017,9,29,5.35
2017,9,30,5.82
2016,9,1,2.8
2016,9,2,5.39
2016,9,3,6.39
2016,9,4,6.21
2016,9,5,5.96
2016,9,6,5.78
2016,9,7,5.86
2016,9,8,5.6
2016,9,9,5.99
2016,9,10,6.07
2016,9,11,6.05
2016,9,12,5.67
2016,9,13,4.91
2016,9,14,5.08
2016,9,15,5.5
2016,9,16,5.64
2016,9,17,5.31
2016,9,18,5.21
2016,9,19,5.53
2016,9,20,5.57
2016,9,21,4.95
2016,9,22,4.15
2016,9,23,5.27
2016,9,24,4.99
2016,9,25,5.04
2016,9,26,4.97
2016,9,27,4.78
2016,9,28,4.93
2016,9,29,4.51
2016,9,30,4.97
2015,9,1,6.56
2015,9,2,5.91
2015,9,3,5.93
2015,9,4,6.26
2015,9,5,6.65
2015,9,6,6.56
2015,9,7,6.51
2015,9,8,6.44
2015,9,9,6.52
2015,9,10,6.55
2015,9,11,6.35
2015,9,12,5.41
2015,9,13,5.5
2015,9,14,5.62
2015,9,15,5.56
2015,9,16,5
2015,9,17,4.86
2015,9,18,4.28
2015,9,19,4.83
2015,9,20,5.18
2015,9,21,5.16
2015,9,22,5.4
2015,9,23,5.18
2015,9,24,6.08
2015,9,25,6.03
2015,9,26,5.86
2015,9,27,5.47
2015,9,28,5.84
2015,9,29,5.91
2015,9,30,6.04
2023,9,1,6.04
2023,9,2,6.43
2023,9,3,6.61
2023,9,4,6.49
2023,9,5,6.21
2023,9,6,4.16
2023,9,7,5.63
2023,9,8,5.17
2023,9,9,3.19
2023,9,10,2.69
2023,9,11,4.48
2023,9,12,4.75
2023,9,13,4.54
2023,9,14,4.99
2023,9,15,3.87
2023,9,16,2.98
2023,9,17,3.98
2023,9,18,5.54
2023,9,19,5.83
2023,9,20,5.64
2023,9,21,4.94
2023,9,22,5.08
2023,9,23,3.98
2023,9,24,4.26
2023,9,25,5.46
2023,9,26,5.3
2023,9,27,5.65
2023,9,28,5.87
2023,9,29,5.78
2023,9,30,5.7
2014,9,1,5.43
2014,9,2,4.21
2014,9,3,3.85
2014,9,4,3.89
2014,9,5,3.04
2014,9,6,4.18
2014,9,7,5.13
2014,9,8,5.36
2014,9,9,5.5
2014,9,10,4.36
2014,9,11,2.64
2014,9,12,4.88
2014,9,13,5.48
2014,9,14,5.31
2014,9,15,5.99
2014,9,16,5.82
2014,9,17,5.84
2014,9,18,6.34
2014,9,19,6.19
2014,9,20,5.66
2014,9,21,5.89
2014,9,22,6.28
2014,9,23,6.2
2014,9,24,6.19
2014,9,25,6.35
2014,9,26,5.92
2014,9,27,5.92
2014,9,28,5.9
2014,9,29,5.98
2014,9,30,5.82
2013,9,1,5.96
2013,9,2,6.25
2013,9,3,6.37
2013,9,4,6.42
2013,9,5,6.45
2013,9,6,6.48
2013,9,7,6.45
2013,9,8,4.64
2013,9,9,4.44
2013,9,10,5.66
2013,9,11,5.68
2013,9,12,5.3
2013,9,13,5.19
2013,9,14,5.43
2013,9,15,5.63
2013,9,16,5.34
2013,9,17,6.01
2013,9,18,6.1
2013,9,19,6.11
2013,9,20,3.79
2013,9,21,3.34
2013,9,22,5.4
2013,9,23,5.35
2013,9,24,5.36
2013,9,25,4.17
2013,9,26,4.63
2013,9,27,5.51
2013,9,28,5.08
2013,9,29,3.1
2013,9,30,3.63
2012,9,1,5.29
2012,9,2,3.35
2012,9,3,4.89
2012,9,4,4.62
2012,9,5,6.1
2012,9,6,5.27
2012,9,7,3.93
2012,9,8,4.63
2012,9,9,5.46
2012,9,10,5.33
2012,9,11,4.59
2012,9,12,4.3
2012,9,13,4.04
2012,9,14,3.72
2012,9,15,4.15
2012,9,16,4.65
2012,9,17,3.89
2012,9,18,3.51
2012,9,19,5.07
2012,9,20,5.42
2012,9,21,6.16
2012,9,22,6.01
2012,9,23,6.09
2012,9,24,6.14
2012,9,25,6.11
2012,9,26,5.98
2012,9,27,5.75
2012,9,28,5.82
2012,9,29,5.77
2012,9,30,5.78
2011,9,1,6.06
2011,9,2,5.67
2011,9,3,4.3
2011,9,4,3.05
2011,9,5,3.14
2011,9,6,4.42
2011,9,7,4.02
2011,9,8,4.44
2011,9,9,3.12
2011,9,10,5.18
2011,9,11,5.25
2011,9,12,4.59
2011,9,13,5.28
2011,9,14,4.93
2011,9,15,3.27
2011,9,16,4.1
2011,9,17,5.77
2011,9,18,5.54
2011,9,19,5.24
2011,9,20,5.76
2011,9,21,5.68
2011,9,22,5.81
2011,9,23,5.75
2011,9,24,6.08
2011,9,25,6.04
2011,9,26,5.98
2011,9,27,5.8
2011,9,28,5.99
2011,9,29,6.06
2011,9,30,6.06
2010,9,1,3.79
2010,9,2,4.04
2010,9,3,3.96
2010,9,4,3.15
2010,9,5,2.35
2010,9,6,4
2010,9,7,3.55
2010,9,8,3.43
2010,9,9,3.83
2010,9,10,4.18
2010,9,11,3.48
2010,9,12,2.8
2010,9,13,3.57
2010,9,14,4.19
2010,9,15,3.94
2010,9,16,4.8
2010,9,17,4.14
2010,9,18,3.85
2010,9,19,1.36
2010,9,20,2.59
2010,9,21,2.38
2010,9,22,2.65
2010,9,23,3.28
2010,9,24,5.27
2010,9,25,5.64
2010,9,26,5.84
2010,9,27,5.99
2010,9,28,6.18
2010,9,29,6.09
2010,9,30,5.85
2009,9,1,5.07
2009,9,2,4.8
2009,9,3,4.89
2009,9,4,4.4
2009,9,5,5.3
2009,9,6,5.75
2009,9,7,6.45
2009,9,8,3.83
2009,9,9,4.45
2009,9,10,1.44
2009,9,11,1.39
2009,9,12,2.76
2009,9,13,5.43
2009,9,14,6.1
2009,9,15,6.44
2009,9,16,6.09
2009,9,17,5.88
2009,9,18,6.09
2009,9,19,5.93
2009,9,20,6
2009,9,21,5.72
2009,9,22,5.56
2009,9,23,5.59
2009,9,24,5.99
2009,9,25,5.89
2009,9,26,5.54
2009,9,27,4.96
2009,9,28,5.67
2009,9,29,5.25
2009,9,30,5.27
2008,9,1,6.35
2008,9,2,6.43
2008,9,3,6.43
2008,9,4,6.42
2008,9,5,6.47
2008,9,6,5.74
2008,9,7,5.55
2008,9,8,5.43
2008,9,9,5.88
2008,9,10,5.55
2008,9,11,3.79
2008,9,12,5.62
2008,9,13,5.88
2008,9,14,5.59
2008,9,15,4.52
2008,9,16,5.49
2008,9,17,4.85
2008,9,18,3.29
2008,9,19,2.12
2008,9,20,2.8
2008,9,21,2.78
2008,9,22,5.81
2008,9,23,5.84
2008,9,24,6.08
2008,9,25,5.7
2008,9,26,6
2008,9,27,5.86
2008,9,28,5.6
2008,9,29,5.38
2008,9,30,4.95
2008,10,1,4.69
2008,10,2,4.45
2008,10,3,4.16
2008,10,4,4.63
2008,10,5,5.07
2008,10,6,5.15
2008,10,7,5.4
2008,10,8,5.43
2008,10,9,5.16
2008,10,10,5.17
2008,10,11,4.89
2008,10,12,4.96
2008,10,13,5.08
2008,10,14,4.86
2008,10,15,4.34
2008,10,16,3.82
2008,10,17,4.85
2008,10,18,5.03
2008,10,19,4.88
2008,10,20,4.53
2008,10,21,4.17
2008,10,22,3.99
2008,10,23,4.06
2008,10,24,4.14
2008,10,25,4.15
2008,10,26,4.19
2008,10,27,4.11
2008,10,28,3.96
2008,10,29,4.4
2008,10,30,4.34
2008,10,31,4.06
2009,10,1,4.97
2009,10,2,5.69
2009,10,3,5.29
2009,10,4,2.34
2009,10,5,2.03
2009,10,6,2.84
2009,10,7,5.23
2009,10,8,5.51
2009,10,9,5.46
2009,10,10,5.26
2009,10,11,5.28
2009,10,12,5.12
2009,10,13,4.97
2009,10,14,4.6
2009,10,15,4.49
2009,10,16,3.89
2009,10,17,4.61
2009,10,18,4.78
2009,10,19,4.42
2009,10,20,4.74
2009,10,21,4.83
2009,10,22,4.95
2009,10,23,4.53
2009,10,24,4.8
2009,10,25,4.53
2009,10,26,4.45
2009,10,27,4.43
2009,10,28,4.16
2009,10,29,3.9
2009,10,30,4.6
2009,10,31,4.35
2010,10,1,5.56
2010,10,2,5.09
2010,10,3,5.06
2010,10,4,5.09
2010,10,5,4.98
2010,10,6,5.3
2010,10,7,4.59
2010,10,8,5.08
2010,10,9,4.72
2010,10,10,5.61
2010,10,11,5.58
2010,10,12,5.2
2010,10,13,5.12
2010,10,14,5.25
2010,10,15,5.06
2010,10,16,5.14
2010,10,17,4.91
2010,10,18,4.77
2010,10,19,4.74
2010,10,20,3.78
2010,10,21,2.9
2010,10,22,4.03
2010,10,23,4.53
2010,10,24,4.89
2010,10,25,4.67
2010,10,26,4.26
2010,10,27,4.11
2010,10,28,4.31
2010,10,29,3.95
2010,10,30,3.86
2010,10,31,3.89
2011,10,1,6.05
2011,10,2,5.91
2011,10,3,5.82
2011,10,4,5.62
2011,10,5,5.56
2011,10,6,5.43
2011,10,7,5.28
2011,10,8,5.06
2011,10,9,4.82
2011,10,10,5.19
2011,10,11,5.06
2011,10,12,5.1
2011,10,13,5.21
2011,10,14,4.71
2011,10,15,5.27
2011,10,16,5.23
2011,10,17,5.05
2011,10,18,4.61
2011,10,19,4.61
2011,10,20,4.58
2011,10,21,3.79
2011,10,22,3.83
2011,10,23,4.05
2011,10,24,4.51
2011,10,25,3.9
2011,10,26,3.93
2011,10,27,4.33
2011,10,28,4.38
2011,10,29,4.02
2011,10,30,3.58
2011,10,31,3.18
2012,10,1,5.78
2012,10,2,5.56
2012,10,3,5.38
2012,10,4,5.81
2012,10,5,5.91
2012,10,6,5.85
2012,10,7,5.61
2012,10,8,5.4
2012,10,9,5.3
2012,10,10,5.22
2012,10,11,5.06
2012,10,12,5.29
2012,10,13,5.28
2012,10,14,5.34
2012,10,15,5.11
2012,10,16,4.67
2012,10,17,4.86
2012,10,18,4.57
2012,10,19,4.4
2012,10,20,4.05
2012,10,21,3.81
2012,10,22,3.95
2012,10,23,3.79
2012,10,24,4.38
2012,10,25,4.68
2012,10,26,4.34
2012,10,27,4.2
2012,10,28,3.78
2012,10,29,3.45
2012,10,30,3.41
2012,10,31,3.61
2013,10,1,5.34
2013,10,2,4.8
2013,10,3,5.15
2013,10,4,1.96
2013,10,5,4.9
2013,10,6,4.72
2013,10,7,4.43
2013,10,8,4.54
2013,10,9,5.12
2013,10,10,5.21
2013,10,11,1.76
2013,10,12,3.85
2013,10,13,4.65
2013,10,14,4.36
2013,10,15,4.87
2013,10,16,5.1
2013,10,17,4.88
2013,10,18,4.34
2013,10,19,4.44
2013,10,20,4.69
2013,10,21,4.84
2013,10,22,4.61
2013,10,23,4.22
2013,10,24,4.19
2013,10,25,3.81
2013,10,26,3.37
2013,10,27,2.87
2013,10,28,3.84
2013,10,29,4.16
2013,10,30,4.41
2013,10,31,4.49
2014,10,1,5.46
2014,10,2,5.15
2014,10,3,5.12
2014,10,4,5.41
2014,10,5,5.51
2014,10,6,4.97
2014,10,7,4.22
2014,10,8,4.32
2014,10,9,5.02
2014,10,10,5.46
2014,10,11,5.27
2014,10,12,5.29
2014,10,13,4.8
2014,10,14,2.92
2014,10,15,3.82
2014,10,16,4.83
2014,10,17,5
2014,10,18,4.83
2014,10,19,4.89
2014,10,20,4.53
2014,10,21,4.55
2014,10,22,4.41
2014,10,23,4.29
2014,10,24,3.87
2014,10,25,3.47
2014,10,26,3.83
2014,10,27,3.81
2014,10,28,3.87
2014,10,29,3.15
2014,10,30,3.68
2014,10,31,3.53
2023,10,1,5.46
2023,10,2,5.77
2023,10,3,5.83
2023,10,4,5.79
2023,10,5,5.68
2023,10,6,5.7
2023,10,7,5.54
2023,10,8,5.44
2023,10,9,5.35
2023,10,10,5.34
2023,10,11,5.48
2023,10,12,5.37
2023,10,13,5.14
2023,10,14,4.98
2023,10,15,4.56
2023,10,16,3.49
2023,10,17,2.88
2023,10,18,4.92
2023,10,19,5.15
2023,10,20,4.94
2023,10,21,4.76
2023,10,22,4.38
2023,10,23,4.43
2023,10,24,4.46
2023,10,25,4.48
2023,10,26,4.78
2023,10,27,4.65
2023,10,28,4.03
2023,10,29,4.23
2023,10,30,4.13
2023,10,31,3.66
2015,10,1,5.93
2015,10,2,6.06
2015,10,3,5.93
2015,10,4,5.86
2015,10,5,5.71
2015,10,6,5.39
2015,10,7,5.14
2015,10,8,5.31
2015,10,9,5.71
2015,10,10,5.82
2015,10,11,5.64
2015,10,12,5.41
2015,10,13,4.66
2015,10,14,4.15
2015,10,15,4.4
2015,10,16,4.64
2015,10,17,4.56
2015,10,18,4.38
2015,10,19,4.37
2015,10,20,4.39
2015,10,21,4.34
2015,10,22,4.68
2015,10,23,5.08
2015,10,24,4.72
2015,10,25,4.54
2015,10,26,4.07
2015,10,27,3.99
2015,10,28,2.95
2015,10,29,4.18
2015,10,30,4.45
2015,10,31,4.03
2016,10,1,5.01
2016,10,2,4.81
2016,10,3,4.54
2016,10,4,3.41
2016,10,5,2.48
2016,10,6,2.98
2016,10,7,4.33
2016,10,8,4.69
2016,10,9,5.1
2016,10,10,4.47
2016,10,11,5.41
2016,10,12,5.44
2016,10,13,5.64
2016,10,14,5.54
2016,10,15,5.21
2016,10,16,4.96
2016,10,17,4.95
2016,10,18,4.9
2016,10,19,5
2016,10,20,5.28
2016,10,21,5.22
2016,10,22,5.15
2016,10,23,4.64
2016,10,24,4.81
2016,10,25,4.9
2016,10,26,4.4
2016,10,27,4.35
2016,10,28,3.98
2016,10,29,3.76
2016,10,30,3.45
2016,10,31,3.41
2017,10,1,5.78
2017,10,2,5.99
2017,10,3,5.92
2017,10,4,5.45
2017,10,5,5.29
2017,10,6,5.26
2017,10,7,5.61
2017,10,8,5.34
2017,10,9,4.97
2017,10,10,4.84
2017,10,11,4.79
2017,10,12,4.65
2017,10,13,4.83
2017,10,14,5.23
2017,10,15,5.3
2017,10,16,5.31
2017,10,17,5.05
2017,10,18,5.05
2017,10,19,4.85
2017,10,20,4.68
2017,10,21,4.3
2017,10,22,4.89
2017,10,23,4.83
2017,10,24,4.36
2017,10,25,4.17
2017,10,26,3.85
2017,10,27,3.8
2017,10,28,4.27
2017,10,29,3.79
2017,10,30,3.79
2017,10,31,3.46
2018,10,1,5.78
2018,10,2,5.81
2018,10,3,5.64
2018,10,4,5.22
2018,10,5,5.47
2018,10,6,5.4
2018,10,7,5.28
2018,10,8,5.38
2018,10,9,5.3
2018,10,10,4.98
2018,10,11,4.04
2018,10,12,4.74
2018,10,13,5
2018,10,14,5.15
2018,10,15,5.1
2018,10,16,4.16
2018,10,17,5.09
2018,10,18,4.56
2018,10,19,4.86
2018,10,20,4.66
2018,10,21,4.17
2018,10,22,4.83
2018,10,23,4.93
2018,10,24,4.69
2018,10,25,4.58
2018,10,26,3.98
2018,10,27,4.12
2018,10,28,4.39
2018,10,29,4.53
2018,10,30,4.18
2018,10,31,3.72
2019,10,1,3.75
2019,10,2,4.92
2019,10,3,5.1
2019,10,4,4.96
2019,10,5,5.37
2019,10,6,5.26
2019,10,7,4.35
2019,10,8,5.37
2019,10,9,5.4
2019,10,10,5.16
2019,10,11,5.02
2019,10,12,4.78
2019,10,13,4.61
2019,10,14,4.62
2019,10,15,4.37
2019,10,16,4.24
2019,10,17,4.28
2019,10,18,4.12
2019,10,19,3.64
2019,10,20,4.12
2019,10,21,4.63
2019,10,22,4.39
2019,10,23,4.8
2019,10,24,4.4
2019,10,25,4.14
2019,10,26,4.09
2019,10,27,3.77
2019,10,28,3.03
2019,10,29,2.23
2019,10,30,2.52
2019,10,31,3.69
2020,10,1,5.72
2020,10,2,5.82
2020,10,3,5.71
2020,10,4,5.74
2020,10,5,5.86
2020,10,6,5.79
2020,10,7,5.72
2020,10,8,5.5
2020,10,9,5.28
2020,10,10,5.17
2020,10,11,5.01
2020,10,12,4.97
2020,10,13,4.07
2020,10,14,4
2020,10,15,4.28
2020,10,16,4.5
2020,10,17,4.38
2020,10,18,4.3
2020,10,19,4.71
2020,10,20,5.17
2020,10,21,4.76
2020,10,22,3.94
2020,10,23,4.36
2020,10,24,4.32
2020,10,25,4.09
2020,10,26,4.09
2020,10,27,3.89
2020,10,28,3.87
2020,10,29,3.68
2020,10,30,4.05
2020,10,31,3.94
2021,10,1,4.89
2021,10,2,4.79
2021,10,3,5.2
2021,10,4,5.48
2021,10,5,5.13
2021,10,6,5.11
2021,10,7,5.18
2021,10,8,5.31
2021,10,9,5.45
2021,10,10,5.35
2021,10,11,5.19
2021,10,12,5.3
2021,10,13,5.53
2021,10,14,5.31
2021,10,15,5.14
2021,10,16,4.8
2021,10,17,2.13
2021,10,18,1.16
2021,10,19,4.79
2021,10,20,4.57
2021,10,21,5.3
2021,10,22,5.21
2021,10,23,4.77
2021,10,24,3.75
2021,10,25,4.25
2021,10,26,4.64
2021,10,27,4.6
2021,10,28,4.55
2021,10,29,4.24
2021,10,30,4.39
2021,10,31,4.53
2022,10,1,5.17
2022,10,2,5.47
2022,10,3,5.68
2022,10,4,5.02
2022,10,5,3.98
2022,10,6,3.65
2022,10,7,1.85
2022,10,8,1.24
2022,10,9,1.58
2022,10,10,1.79
2022,10,11,3.77
2022,10,12,4.8
2022,10,13,5.24
2022,10,14,5.05
2022,10,15,5.05
2022,10,16,4.84
2022,10,17,4.95
2022,10,18,4.83
2022,10,19,5.07
2022,10,20,4.81
2022,10,21,4.95
2022,10,22,4.63
2022,10,23,4.55
2022,10,24,4.87
2022,10,25,4.59
2022,10,26,4.73
2022,10,27,4.51
2022,10,28,4.3
2022,10,29,3.71
2022,10,30,3.96
2022,10,31,4.07
2022,11,1,4.03
2022,11,2,4.18
2022,11,3,3.45
2022,11,4,3.54
2022,11,5,3.57
2022,11,6,3.87
2022,11,7,4.01
2022,11,8,2.88
2022,11,9,3.35
2022,11,10,3.24
2022,11,11,3.57
2022,11,12,4.25
2022,11,13,3.99
2022,11,14,3.86
2022,11,15,3.55
2022,11,16,3.58
2022,11,17,3.92
2022,11,18,4.14
2022,11,19,3.93
2022,11,20,3.82
2022,11,21,4.03
2022,11,22,4.14
2022,11,23,4.17
2022,11,24,4.08
2022,11,25,4.13
2022,11,26,3.82
2022,11,27,3.85
2022,11,28,3.68
2022,11,29,3.47
2022,11,30,3.32
2021,11,1,4.27
2021,11,2,3.92
2021,11,3,3.76
2021,11,4,3.43
2021,11,5,2.73
2021,11,6,3.16
2021,11,7,3.43
2021,11,8,3.25
2021,11,9,3.66
2021,11,10,3.41
2021,11,11,3.14
2021,11,12,3.05
2021,11,13,3.48
2021,11,14,3.37
2021,11,15,3.19
2021,11,16,3.56
2021,11,17,3.42
2021,11,18,3.49
2021,11,19,2.95
2021,11,20,2.8
2021,11,21,3.54
2021,11,22,4.19
2021,11,23,4.04
2021,11,24,3.94
2021,11,25,3.74
2021,11,26,3.61
2021,11,27,3.29
2021,11,28,3.47
2021,11,29,3.38
2021,11,30,3.48
2020,11,1,4.16
2020,11,2,4.34
2020,11,3,4.42
2020,11,4,3.71
2020,11,5,3.33
2020,11,6,3.39
2020,11,7,3.42
2020,11,8,2.75
2020,11,9,3.44
2020,11,10,3.56
2020,11,11,3.58
2020,11,12,3.64
2020,11,13,3.59
2020,11,14,3.05
2020,11,15,2.99
2020,11,16,2.71
2020,11,17,3.36
2020,11,18,3.34
2020,11,19,2.97
2020,11,20,3.62
2020,11,21,4.11
2020,11,22,3.84
2020,11,23,3.24
2020,11,24,2.76
2020,11,25,1.91
2020,11,26,2.85
2020,11,27,4.14
2020,11,28,4.07
2020,11,29,4.01
2020,11,30,3.84
2019,11,1,3.5
2019,11,2,2.82
2019,11,3,1.85
2019,11,4,3.02
2019,11,5,4.08
2019,11,6,3.66
2019,11,7,1.49
2019,11,8,3.5
2019,11,9,3.94
2019,11,10,3.41
2019,11,11,3.28
2019,11,12,3.1
2019,11,13,2.66
2019,11,14,1.76
2019,11,15,2.9
2019,11,16,3.28
2019,11,17,3.99
2019,11,18,3.92
2019,11,19,3.77
2019,11,20,3.76
2019,11,21,3.01
2019,11,22,2.91
2019,11,23,2.51
2019,11,24,2.76
2019,11,25,3.1
2019,11,26,2.84
2019,11,27,2.42
2019,11,28,1.81
2019,11,29,2.8
2019,11,30,2.84
2018,11,1,3.47
2018,11,2,3.65
2018,11,3,3.57
2018,11,4,3.98
2018,11,5,3.48
2018,11,6,4.11
2018,11,7,4.4
2018,11,8,3.71
2018,11,9,3.43
2018,11,10,3.15
2018,11,11,3.43
2018,11,12,3.97
2018,11,13,2.99
2018,11,14,2.99
2018,11,15,3.56
2018,11,16,3.89
2018,11,17,3.7
2018,11,18,3.66
2018,11,19,2.87
2018,11,20,3.65
2018,11,21,3.48
2018,11,22,3.36
2018,11,23,3.52
2018,11,24,4.11
2018,11,25,3.87
2018,11,26,3.59
2018,11,27,3.25
2018,11,28,2.67
2018,11,29,2.87
2018,11,30,3.19
2017,11,1,3.69
2017,11,2,3.58
2017,11,3,3.24
2017,11,4,3.47
2017,11,5,3.69
2017,11,6,3.13
2017,11,7,3.08
2017,11,8,2.76
2017,11,9,2.96
2017,11,10,3.15
2017,11,11,3.03
2017,11,12,2.95
2017,11,13,3.11
2017,11,14,3.1
2017,11,15,2.75
2017,11,16,2.88
2017,11,17,2.66
2017,11,18,2.38
2017,11,19,3.2
2017,11,20,3.43
2017,11,21,3.9
2017,11,22,3.88
2017,11,23,4.01
2017,11,24,3.9
2017,11,25,3.78
2017,11,26,3.81
2017,11,27,3.66
2017,11,28,3.96
2017,11,29,3.87
2017,11,30,3.63
2016,11,1,3.57
2016,11,2,3.59
2016,11,3,4.21
2016,11,4,3.95
2016,11,5,2.47
2016,11,6,2.77
2016,11,7,3.7
2016,11,8,3.81
2016,11,9,3.79
2016,11,10,4.12
2016,11,11,4.04
2016,11,12,3.9
2016,11,13,3.84
2016,11,14,3.6
2016,11,15,3.41
2016,11,16,3.53
2016,11,17,3.82
2016,11,18,3.92
2016,11,19,3.89
2016,11,20,3.82
2016,11,21,4.08
2016,11,22,4.29
2016,11,23,4.23
2016,11,24,3.82
2016,11,25,4.13
2016,11,26,4.11
2016,11,27,4.18
2016,11,28,4.19
2016,11,29,3.75
2016,11,30,2.84
2015,11,1,4.22
2015,11,2,4.14
2015,11,3,3.44
2015,11,4,3.74
2015,11,5,2.38
2015,11,6,3.62
2015,11,7,3.31
2015,11,8,3.12
2015,11,9,3.26
2015,11,10,3.19
2015,11,11,3.55
2015,11,12,3.97
2015,11,13,3.46
2015,11,14,3.29
2015,11,15,3.47
2015,11,16,3.43
2015,11,17,4.4
2015,11,18,4.39
2015,11,19,3.83
2015,11,20,3.71
2015,11,21,3.64
2015,11,22,3.41
2015,11,23,3.24
2015,11,24,3.41
2015,11,25,3.61
2015,11,26,2.91
2015,11,27,2.8
2015,11,28,2.3
2015,11,29,2.68
2015,11,30,3
2023,11,1,3.93
2023,11,2,3.5
2023,11,3,3.15
2023,11,4,2.83
2023,11,5,2.65
2023,11,6,3.17
2023,11,7,3.11
2023,11,8,3.28
2023,11,9,2.85
2023,11,10,1.83
2023,11,11,3.67
2023,11,12,4.13
2023,11,13,3.6
2023,11,14,2.38
2023,11,15,2.74
2023,11,16,2.63
2023,11,17,2.91
2023,11,18,3.04
2023,11,19,2.89
2023,11,20,2.75
2023,11,21,3.07
2023,11,22,3.44
2023,11,23,3.04
2023,11,24,2.75
2023,11,25,2.61
2023,11,26,2.42
2023,11,27,1.53
2023,11,28,1.64
2023,11,29,2.56
2023,11,30,2.23
2014,11,1,3.38
2014,11,2,4.36
2014,11,3,4.02
2014,11,4,3.88
2014,11,5,3.44
2014,11,6,4.28
2014,11,7,3.62
2014,11,8,3.48
2014,11,9,3.53
2014,11,10,3.32
2014,11,11,3.61
2014,11,12,3.7
2014,11,13,3.39
2014,11,14,3.74
2014,11,15,4.2
2014,11,16,4.38
2014,11,17,4.31
2014,11,18,4.12
2014,11,19,3.85
2014,11,20,3.97
2014,11,21,3.8
2014,11,22,3.88
2014,11,23,3.68
2014,11,24,3.87
2014,11,25,3.93
2014,11,26,3.96
2014,11,27,3.85
2014,11,28,3.83
2014,11,29,3.94
2014,11,30,3.85
2013,11,1,3.77
2013,11,2,3.74
2013,11,3,3.91
2013,11,4,3.93
2013,11,5,2.78
2013,11,6,2.87
2013,11,7,1.87
2013,11,8,2.72
2013,11,9,3.69
2013,11,10,3.51
2013,11,11,3.69
2013,11,12,3.59
2013,11,13,3.65
2013,11,14,3.53
2013,11,15,3.87
2013,11,16,3.84
2013,11,17,3.89
2013,11,18,4.15
2013,11,19,4.16
2013,11,20,4.06
2013,11,21,3.84
2013,11,22,3.55
2013,11,23,3.48
2013,11,24,3.62
2013,11,25,3.8
2013,11,26,4.1
2013,11,27,3.94
2013,11,28,3.92
2013,11,29,3.96
2013,11,30,4.13
2012,11,1,3.41
2012,11,2,3.21
2012,11,3,3
2012,11,4,2.69
2012,11,5,3.09
2012,11,6,2.82
2012,11,7,3.25
2012,11,8,2.92
2012,11,9,3.82
2012,11,10,3.88
2012,11,11,4.01
2012,11,12,3.51
2012,11,13,3.25
2012,11,14,3.37
2012,11,15,3.46
2012,11,16,3.11
2012,11,17,3.3
2012,11,18,3.8
2012,11,19,3.59
2012,11,20,3.7
2012,11,21,3.87
2012,11,22,3.71
2012,11,23,3.59
2012,11,24,3.78
2012,11,25,3.64
2012,11,26,3.86
2012,11,27,4.11
2012,11,28,4.05
2012,11,29,3.51
2012,11,30,3.69
2011,11,1,3.8
2011,11,2,4.29
2011,11,3,3.95
2011,11,4,3.78
2011,11,5,3.69
2011,11,6,3.85
2011,11,7,4.05
2011,11,8,3.84
2011,11,9,3.77
2011,11,10,3.77
2011,11,11,3.74
2011,11,12,4.38
2011,11,13,4.36
2011,11,14,4.02
2011,11,15,3.76
2011,11,16,4.14
2011,11,17,4.06
2011,11,18,4.1
2011,11,19,3.4
2011,11,20,2.92
2011,11,21,2.98
2011,11,22,2.92
2011,11,23,2.79
2011,11,24,3.28
2011,11,25,3.25
2011,11,26,3.21
2011,11,27,2.9
2011,11,28,3.2
2011,11,29,3.47
2011,11,30,4.05
2010,11,1,3.92
2010,11,2,3.98
2010,11,3,3.83
2010,11,4,3.42
2010,11,5,3.44
2010,11,6,3.45
2010,11,7,3.72
2010,11,8,3.78
2010,11,9,3.84
2010,11,10,3.5
2010,11,11,2.75
2010,11,12,2.7
2010,11,13,1.99
2010,11,14,2.91
2010,11,15,2.94
2010,11,16,1.98
2010,11,17,2.21
2010,11,18,3.65
2010,11,19,3.61
2010,11,20,3.91
2010,11,21,4.26
2010,11,22,2.28
2010,11,23,2.15
2010,11,24,1.54
2010,11,25,1.6
2010,11,26,3.32
2010,11,27,3.71
2010,11,28,3.98
2010,11,29,3.75
2010,11,30,4.12
2009,11,1,4.05
2009,11,2,3.86
2009,11,3,3.23
2009,11,4,3.77
2009,11,5,4.17
2009,11,6,4.02
2009,11,7,3.03
2009,11,8,3.5
2009,11,9,3.61
2009,11,10,3.79
2009,11,11,3.19
2009,11,12,1.23
2009,11,13,1.52
2009,11,14,2.56
2009,11,15,3.42
2009,11,16,3.17
2009,11,17,3.22
2009,11,18,3.72
2009,11,19,3.91
2009,11,20,4.26
2009,11,21,3.94
2009,11,22,3.67
2009,11,23,3.6
2009,11,24,3.9
2009,11,25,4.02
2009,11,26,4.02
2009,11,27,3.86
2009,11,28,3.58
2009,11,29,2.92
2009,11,30,3.25
2008,11,1,4.49
2008,11,2,4.42
2008,11,3,4.32
2008,11,4,4.11
2008,11,5,4.16
2008,11,6,3.74
2008,11,7,3.57
2008,11,8,3.59
2008,11,9,3.35
2008,11,10,3.18
2008,11,11,3.04
2008,11,12,3.02
2008,11,13,2.98
2008,11,14,3.32
2008,11,15,3.42
2008,11,16,3.59
2008,11,17,3.54
2008,11,18,3.28
2008,11,19,3.32
2008,11,20,3.04
2008,11,21,3.79
2008,11,22,4.25
2008,11,23,4.12
2008,11,24,4.06
2008,11,25,3.71
2008,11,26,3.62
2008,11,27,3.36
2008,11,28,3.58
2008,11,29,3.9
2008,11,30,3.24
2008,12,1,2.19
2008,12,2,3.24
2008,12,3,3.73
2008,12,4,3.76
2008,12,5,3.71
2008,12,6,3.58
2008,12,7,3.38
2008,12,8,2.84
2008,12,9,2.17
2008,12,10,2.53
2008,12,11,2.51
2008,12,12,2.91
2008,12,13,3.22
2008,12,14,3.6
2008,12,15,3.67
2008,12,16,2.85
2008,12,17,3.1
2008,12,18,3.12
2008,12,19,2.22
2008,12,20,1.52
2008,12,21,2.83
2008,12,22,3.98
2008,12,23,4.15
2008,12,24,3.9
2008,12,25,3.45
2008,12,26,3.03
2008,12,27,3.33
2008,12,28,2.84
2008,12,29,2.12
2008,12,30,2.59
2008,12,31,2.35
2009,12,1,3.07
2009,12,2,3.24
2009,12,3,3.26
2009,12,4,3.64
2009,12,5,3.5
2009,12,6,3.35
2009,12,7,3.13
2009,12,8,3.48
2009,12,9,2.92
2009,12,10,2.61
2009,12,11,2.8
2009,12,12,2.76
2009,12,13,2.44
2009,12,14,2.96
2009,12,15,2.01
2009,12,16,2.7
2009,12,17,3.26
2009,12,18,3.29
2009,12,19,3.72
2009,12,20,3.53
2009,12,21,3.49
2009,12,22,3.48
2009,12,23,3.72
2009,12,24,3.71
2009,12,25,3.69
2009,12,26,3.6
2009,12,27,3.18
2009,12,28,3.16
2009,12,29,3.2
2009,12,30,2.92
2009,12,31,3.1
2010,12,1,3.71
2010,12,2,3.3
2010,12,3,3.27
2010,12,4,3.19
2010,12,5,2.96
2010,12,6,3.32
2010,12,7,3.39
2010,12,8,3.26
2010,12,9,2.81
2010,12,10,2.63
2010,12,11,3.51
2010,12,12,3.8
2010,12,13,3.76
2010,12,14,3.87
2010,12,15,3.91
2010,12,16,3.8
2010,12,17,3.72
2010,12,18,3.69
2010,12,19,3.61
2010,12,20,3.76
2010,12,21,3.76
2010,12,22,3.72
2010,12,23,3.6
2010,12,24,3.22
2010,12,25,2.88
2010,12,26,2.18
2010,12,27,2.75
2010,12,28,1.44
2010,12,29,1.84
2010,12,30,1.43
2010,12,31,2.32
2011,12,1,3.61
2011,12,2,3.21
2011,12,3,3.38
2011,12,4,3.68
2011,12,5,3.72
2011,12,6,3.4
2011,12,7,3.03
2011,12,8,3.29
2011,12,9,2.98
2011,12,10,2.95
2011,12,11,3.77
2011,12,12,3.29
2011,12,13,3.51
2011,12,14,3.59
2011,12,15,3.67
2011,12,16,3.52
2011,12,17,3.48
2011,12,18,2.75
2011,12,19,2.29
2011,12,20,2.64
2011,12,21,2.56
2011,12,22,3.08
2011,12,23,3.15
2011,12,24,3.47
2011,12,25,3.61
2011,12,26,3.29
2011,12,27,2.74
2011,12,28,3.04
2011,12,29,2.94
2011,12,30,2.81
2011,12,31,2.65
2012,12,1,4.2
2012,12,2,3.99
2012,12,3,3.77
2012,12,4,3.9
2012,12,5,3.78
2012,12,6,4.01
2012,12,7,3.56
2012,12,8,3.86
2012,12,9,3.87
2012,12,10,3.42
2012,12,11,0.77
2012,12,12,3.11
2012,12,13,3.05
2012,12,14,2.65
2012,12,15,2.26
2012,12,16,2.06
2012,12,17,3.59
2012,12,18,3.74
2012,12,19,3.99
2012,12,20,4.09
2012,12,21,3.93
2012,12,22,3.56
2012,12,23,2.13
2012,12,24,1.82
2012,12,25,1.77
2012,12,26,2.09
2012,12,27,1.7
2012,12,28,2.79
2012,12,29,3.18
2012,12,30,2.02
2012,12,31,2.61
2013,12,1,4
2013,12,2,3.92
2013,12,3,3.69
2013,12,4,3.52
2013,12,5,3.79
2013,12,6,3.79
2013,12,7,3.53
2013,12,8,3.5
2013,12,9,3.23
2013,12,10,3.28
2013,12,11,3.63
2013,12,12,3.77
2013,12,13,3.95
2013,12,14,3.68
2013,12,15,3.48
2013,12,16,3.05
2013,12,17,2.63
2013,12,18,2.46
2013,12,19,2.68
2013,12,20,1.89
2013,12,21,1.02
2013,12,22,1.36
2013,12,23,1.98
2013,12,24,2.82
2013,12,25,3.83
2013,12,26,3.81
2013,12,27,1.29
2013,12,28,3.4
2013,12,29,3.68
2013,12,30,2.59
2013,12,31,0.88
2014,12,1,3.94
2014,12,2,4.03
2014,12,3,3.91
2014,12,4,3.95
2014,12,5,3.72
2014,12,6,3.84
2014,12,7,3.78
2014,12,8,3.87
2014,12,9,3.59
2014,12,10,3.57
2014,12,11,3.92
2014,12,12,2.97
2014,12,13,0.99
2014,12,14,0.71
2014,12,15,2.6
2014,12,16,3.23
2014,12,17,3.18
2014,12,18,2.54
2014,12,19,1.94
2014,12,20,2.79
2014,12,21,2.04
2014,12,22,1.66
2014,12,23,2.41
2014,12,24,2.56
2014,12,25,1.93
2014,12,26,2.66
2014,12,27,3.12
2014,12,28,2.54
2014,12,29,2.87
2014,12,30,2.95
2014,12,31,2.5
2023,12,1,2.56
2023,12,2,2.93
2023,12,3,2.86
2023,12,4,2.5
2023,12,5,3.53
2023,12,6,3.58
2023,12,7,3.03
2023,12,8,3.17
2023,12,9,3.57
2023,12,10,3.72
2023,12,11,3.59
2023,12,12,3.29
2023,12,13,3.4
2023,12,14,3.28
2023,12,15,3.49
2023,12,16,3.43
2023,12,17,3.27
2023,12,18,3.66
2023,12,19,3.96
2023,12,20,3.3
2023,12,21,3.5
2023,12,22,3.32
2023,12,23,2.66
2023,12,24,2.65
2023,12,25,2.76
2023,12,26,2.59
2023,12,27,2.13
2023,12,28,2.02
2023,12,29,0.99
2023,12,30,1.51
2023,12,31,0.51
2015,12,1,2.43
2015,12,2,2.3
2015,12,3,2.98
2015,12,4,3.7
2015,12,5,3.8
2015,12,6,3.22
2015,12,7,3.06
2015,12,8,3.33
2015,12,9,2.12
2015,12,10,2.93
2015,12,11,2.39
2015,12,12,2.13
2015,12,13,3.49
2015,12,14,3.65
2015,12,15,3.7
2015,12,16,3.63
2015,12,17,2.87
2015,12,18,3.1
2015,12,19,3.5
2015,12,20,3.07
2015,12,21,2.88
2015,12,22,2.56
2015,12,23,2.48
2015,12,24,3.23
2015,12,25,3.85
2015,12,26,3.69
2015,12,27,3.39
2015,12,28,3.49
2015,12,29,3.61
2015,12,30,3.72
2015,12,31,3.28
2016,12,1,2.5
2016,12,2,2.56
2016,12,3,3.34
2016,12,4,3.62
2016,12,5,3.63
2016,12,6,2.95
2016,12,7,2.38
2016,12,8,2.45
2016,12,9,2.81
2016,12,10,2.33
2016,12,11,3.14
2016,12,12,3.49
2016,12,13,3.22
2016,12,14,3.33
2016,12,15,3.77
2016,12,16,3.72
2016,12,17,3.38
2016,12,18,3.51
2016,12,19,3.38
2016,12,20,3.76
2016,12,21,3.96
2016,12,22,3.81
2016,12,23,3.61
2016,12,24,3.11
2016,12,25,2.26
2016,12,26,3.36
2016,12,27,3.69
2016,12,28,3.61
2016,12,29,2.52
2016,12,30,2.05
2016,12,31,2.37
2017,12,1,3.57
2017,12,2,3.31
2017,12,3,2.45
2017,12,4,2.51
2017,12,5,1.89
2017,12,6,2.62
2017,12,7,3.54
2017,12,8,3.94
2017,12,9,3.77
2017,12,10,3.69
2017,12,11,2.09
2017,12,12,2.82
2017,12,13,2.22
2017,12,14,2.38
2017,12,15,2.87
2017,12,16,3.44
2017,12,17,3.97
2017,12,18,3.85
2017,12,19,3.11
2017,12,20,2.7
2017,12,21,2.88
2017,12,22,3.58
2017,12,23,4.07
2017,12,24,3.52
2017,12,25,3.39
2017,12,26,3.37
2017,12,27,3.42
2017,12,28,3.18
2017,12,29,2.95
2017,12,30,2.67
2017,12,31,2.09
2018,12,1,3.68
2018,12,2,3.52
2018,12,3,3.44
2018,12,4,3.09
2018,12,5,3.14
2018,12,6,3.26
2018,12,7,3.16
2018,12,8,3.32
2018,12,9,3
2018,12,10,2.85
2018,12,11,2.59
2018,12,12,1.98
2018,12,13,2.57
2018,12,14,3.32
2018,12,15,3.64
2018,12,16,3.65
2018,12,17,3.01
2018,12,18,3.78
2018,12,19,3.59
2018,12,20,3.71
2018,12,21,3.5
2018,12,22,3.17
2018,12,23,2.83
2018,12,24,3.19
2018,12,25,3.08
2018,12,26,3.23
2018,12,27,3.47
2018,12,28,3.62
2018,12,29,3.75
2018,12,30,3.3
2018,12,31,3.48
2019,12,1,2.98
2019,12,2,3.54
2019,12,3,3.96
2019,12,4,3.36
2019,12,5,2.84
2019,12,6,2.68
2019,12,7,2.71
2019,12,8,2.65
2019,12,9,2.54
2019,12,10,2.57
2019,12,11,2.08
2019,12,12,1.3
2019,12,13,0.94
2019,12,14,2.07
2019,12,15,2.69
2019,12,16,0.8
2019,12,17,1.04
2019,12,18,2.26
2019,12,19,1.62
2019,12,20,1.89
2019,12,21,1.88
2019,12,22,2.05
2019,12,23,2.04
2019,12,24,2.18
2019,12,25,1.93
2019,12,26,2.26
2019,12,27,2.26
2019,12,28,1.61
2019,12,29,1.84
2019,12,30,0.7
2019,12,31,2.07
2020,12,1,3.62
2020,12,2,3.71
2020,12,3,3.36
2020,12,4,3.45
2020,12,5,3.67
2020,12,6,3.5
2020,12,7,2.88
2020,12,8,3.2
2020,12,9,3.46
2020,12,10,3.4
2020,12,11,2.22
2020,12,12,1.92
2020,12,13,2.88
2020,12,14,3.26
2020,12,15,3
2020,12,16,3.15
2020,12,17,3.53
2020,12,18,3.9
2020,12,19,3.84
2020,12,20,3.55
2020,12,21,3.26
2020,12,22,3.27
2020,12,23,3.08
2020,12,24,3.12
2020,12,25,3.36
2020,12,26,3.17
2020,12,27,2.95
2020,12,28,3.46
2020,12,29,3.52
2020,12,30,2.75
2020,12,31,2.53
2021,12,1,1.97
2021,12,2,1.35
2021,12,3,2.2
2021,12,4,3.67
2021,12,5,2.5
2021,12,6,2.96
2021,12,7,3.7
2021,12,8,3.71
2021,12,9,3.44
2021,12,10,3.38
2021,12,11,3.53
2021,12,12,3.33
2021,12,13,2.8
2021,12,14,2.56
2021,12,15,2.43
2021,12,16,2.05
2021,12,17,3.2
2021,12,18,3.44
2021,12,19,3.91
2021,12,20,3.78
2021,12,21,3.63
2021,12,22,3.55
2021,12,23,2.99
2021,12,24,2.86
2021,12,25,2.95
2021,12,26,1.55
2021,12,27,2.79
2021,12,28,1.09
2021,12,29,3.11
2021,12,30,2.93
2021,12,31,3.15
2022,12,1,3.53
2022,12,2,3.38
2022,12,3,3.15
2022,12,4,2.87
2022,12,5,3.54
2022,12,6,3.65
2022,12,7,3.83
2022,12,8,3.75
2022,12,9,3.65
2022,12,10,3.6
2022,12,11,3.79
2022,12,12,3.97
2022,12,13,4.06
2022,12,14,4.13
2022,12,15,4.14
2022,12,16,4.02
2022,12,17,3.8
2022,12,18,3.33
2022,12,19,2.85
2022,12,20,2.96
2022,12,21,2.84
2022,12,22,2.71
2022,12,23,2.69
2022,12,24,2.98
2022,12,25,2.93
2022,12,26,1.83
2022,12,27,2.94
2022,12,28,3.81
2022,12,29,3.09
2022,12,30,2.33
2022,12,31,2.98
2022,1,1,3.28
2022,1,2,2.93
2022,1,3,3.21
2022,1,4,2.82
2022,1,5,0.81
2022,1,6,2.27
2022,1,7,1.46
2022,1,8,0.52
2022,1,9,1.12
2022,1,10,3.05
2022,1,11,3.28
2022,1,12,2.72
2022,1,13,2.18
2022,1,14,1.63
2022,1,15,0.92
2022,1,16,2.34
2022,1,17,2.07
2022,1,18,2.54
2022,1,19,2.35
2022,1,20,2.05
2022,1,21,2.37
2022,1,22,0.96
2022,1,23,1.36
2022,1,24,2.13
2022,1,25,1.28
2022,1,26,2.74
2022,1,27,3.96
2022,1,28,4.5
2022,1,29,4.56
2022,1,30,4.51
2022,1,31,3.29
2021,1,1,2.03
2021,1,2,1.17
2021,1,3,0.8
2021,1,4,2.22
2021,1,5,1.8
2021,1,6,1.51
2021,1,7,1.62
2021,1,8,1.39
2021,1,9,2.01
2021,1,10,3.09
2021,1,11,3.08
2021,1,12,3.34
2021,1,13,2.97
2021,1,14,2.81
2021,1,15,3.06
2021,1,16,2.56
2021,1,17,1.81
2021,1,18,1.6
2021,1,19,2.67
2021,1,20,3.47
2021,1,21,4.28
2021,1,22,2.71
2021,1,23,3.08
2021,1,24,1.8
2021,1,25,2.26
2021,1,26,3.36
2021,1,27,4.03
2021,1,28,2.95
2021,1,29,3.88
2021,1,30,4.45
2021,1,31,4.64
2020,1,1,2.92
2020,1,2,3.06
2020,1,3,3.12
2020,1,4,2.56
2020,1,5,2.99
2020,1,6,1.57
2020,1,7,1.77
2020,1,8,0.62
2020,1,9,2.96
2020,1,10,3.79
2020,1,11,3.7
2020,1,12,3.73
2020,1,13,2.31
2020,1,14,2.28
2020,1,15,2.6
2020,1,16,1.18
2020,1,17,2.4
2020,1,18,1.73
2020,1,19,3.13
2020,1,20,2.1
2020,1,21,2.41
2020,1,22,2.63
2020,1,23,4.26
2020,1,24,4.56
2020,1,25,4
2020,1,26,4.01
2020,1,27,2.57
2020,1,28,2.48
2020,1,29,3.79
2020,1,30,4.39
2020,1,31,4.23
2019,1,1,3.47
2019,1,2,3.22
2019,1,3,2.97
2019,1,4,2.28
2019,1,5,3.05
2019,1,6,1.82
2019,1,7,2.91
2019,1,8,3.38
2019,1,9,3.77
2019,1,10,3.65
2019,1,11,3.18
2019,1,12,2.86
2019,1,13,2.51
2019,1,14,4.19
2019,1,15,3.16
2019,1,16,3.22
2019,1,17,3.54
2019,1,18,3.62
2019,1,19,3.6
2019,1,20,3.59
2019,1,21,1.58
2019,1,22,1.95
2019,1,23,2.92
2019,1,24,2.65
2019,1,25,3.3
2019,1,26,4.29
2019,1,27,3.2
2019,1,28,4.58
2019,1,29,4.68
2019,1,30,3.59
2019,1,31,2.8
2018,1,1,2.86
2018,1,2,2.1
2018,1,3,2.3
2018,1,4,2.49
2018,1,5,2.48
2018,1,6,2.63
2018,1,7,3.53
2018,1,8,3.77
2018,1,9,3.28
2018,1,10,3.81
2018,1,11,4.05
2018,1,12,3.51
2018,1,13,3.76
2018,1,14,4.04
2018,1,15,4.1
2018,1,16,4.27
2018,1,17,3.34
2018,1,18,3.65
2018,1,19,3.76
2018,1,20,4.05
2018,1,21,4.28
2018,1,22,3.91
2018,1,23,1.14
2018,1,24,3.1
2018,1,25,3.24
2018,1,26,3.23
2018,1,27,3.38
2018,1,28,3.57
2018,1,29,4.13
2018,1,30,4.44
2018,1,31,3.86
2017,1,1,2.94
2017,1,2,2.83
2017,1,3,3.14
2017,1,4,3
2017,1,5,3.13
2017,1,6,3.19
2017,1,7,0.81
2017,1,8,2.53
2017,1,9,3
2017,1,10,3.91
2017,1,11,4.11
2017,1,12,3.75
2017,1,13,3.53
2017,1,14,3.22
2017,1,15,3.5
2017,1,16,3.14
2017,1,17,2.93
2017,1,18,3.51
2017,1,19,3.92
2017,1,20,4.02
2017,1,21,2.34
2017,1,22,2.85
2017,1,23,3.45
2017,1,24,3.43
2017,1,25,2.78
2017,1,26,1.3
2017,1,27,3.07
2017,1,28,3.53
2017,1,29,3.58
2017,1,30,3.74
2017,1,31,3.91
2016,1,1,3.64
2016,1,2,3.14
2016,1,3,3.42
2016,1,4,2.78
2016,1,5,3.27
2016,1,6,2.88
2016,1,7,2.77
2016,1,8,2.36
2016,1,9,3.9
2016,1,10,3.84
2016,1,11,3.81
2016,1,12,3.69
2016,1,13,2.78
2016,1,14,1.84
2016,1,15,1.38
2016,1,16,2.5
2016,1,17,2.4
2016,1,18,2.54
2016,1,19,1.81
2016,1,20,1.88
2016,1,21,3.03
2016,1,22,3.15
2016,1,23,3.77
2016,1,24,2.72
2016,1,25,2.88
2016,1,26,2.89
2016,1,27,3.64
2016,1,28,3.39
2016,1,29,3.08
2016,1,30,3.68
2016,1,31,2.35
2015,1,1,2.21
2015,1,2,0.73
2015,1,3,1.22
2015,1,4,2.06
2015,1,5,3.66
2015,1,6,2.69
2015,1,7,1.62
2015,1,8,1.43
2015,1,9,2.01
2015,1,10,3.09
2015,1,11,2.29
2015,1,12,2.13
2015,1,13,2.66
2015,1,14,1.3
2015,1,15,2.78
2015,1,16,3.16
2015,1,17,3.11
2015,1,18,3.01
2015,1,19,2.45
2015,1,20,1.93
2015,1,21,2.34
2015,1,22,0.55
2015,1,23,2.67
2015,1,24,2.15
2015,1,25,2.4
2015,1,26,1.7
2015,1,27,2.5
2015,1,28,3.41
2015,1,29,4.3
2015,1,30,4.67
2015,1,31,4.53
2023,1,1,3.04
2023,1,2,1.96
2023,1,3,1.75
2023,1,4,1.88
2023,1,5,1.86
2023,1,6,2.27
2023,1,7,2.96
2023,1,8,2.64
2023,1,9,2.15
2023,1,10,2.51
2023,1,11,2.51
2023,1,12,3.22
2023,1,13,2.24
2023,1,14,2.67
2023,1,15,4.41
2023,1,16,4.17
2023,1,17,4.16
2023,1,18,4.1
2023,1,19,3.68
2023,1,20,3.13
2023,1,21,2.89
2023,1,22,2.69
2023,1,23,2.9
2023,1,24,1.48
2023,1,25,1.04
2023,1,26,1.64
2023,1,27,3.94
2023,1,28,4.74
2023,1,29,0.94
2023,1,30,2.05
2023,1,31,3.49
2014,1,1,2.98
2014,1,2,3.65
2014,1,3,3.97
2014,1,4,2.17
2014,1,5,2.3
2014,1,6,2.74
2014,1,7,3.44
2014,1,8,3.07
2014,1,9,2.08
2014,1,10,2.29
2014,1,11,3.13
2014,1,12,3.2
2014,1,13,3.06
2014,1,14,2.62
2014,1,15,1.41
2014,1,16,2.15
2014,1,17,0.88
2014,1,18,1.57
2014,1,19,3.23
2014,1,20,2.58
2014,1,21,0.55
2014,1,22,1.14
2014,1,23,2.87
2014,1,24,2.77
2014,1,25,1.53
2014,1,26,3.38
2014,1,27,4.2
2014,1,28,4.37
2014,1,29,2.8
2014,1,30,2.61
2014,1,31,2.18
2013,1,1,2.44
2013,1,2,1.95
2013,1,3,2.42
2013,1,4,2.6
2013,1,5,2.37
2013,1,6,2.07
2013,1,7,2.5
2013,1,8,3.36
2013,1,9,3.6
2013,1,10,3.89
2013,1,11,4.03
2013,1,12,3.71
2013,1,13,3.47
2013,1,14,2.45
2013,1,15,2.84
2013,1,16,2.83
2013,1,17,2.42
2013,1,18,1.39
2013,1,19,3.58
2013,1,20,3.48
2013,1,21,4.11
2013,1,22,4.06
2013,1,23,3.25
2013,1,24,4.05
2013,1,25,4.34
2013,1,26,4.44
2013,1,27,4.33
2013,1,28,3.5
2013,1,29,4.15
2013,1,30,3.55
2013,1,31,2.85
2012,1,1,1
2012,1,2,1.94
2012,1,3,2.35
2012,1,4,2.51
2012,1,5,1.62
2012,1,6,1.5
2012,1,7,1.55
2012,1,8,1.62
2012,1,9,2.87
2012,1,10,3.44
2012,1,11,3.54
2012,1,12,3.93
2012,1,13,4.05
2012,1,14,3.92
2012,1,15,3.24
2012,1,16,2.45
2012,1,17,1.87
2012,1,18,2.38
2012,1,19,2.75
2012,1,20,2.64
2012,1,21,4.01
2012,1,22,3.16
2012,1,23,4.06
2012,1,24,4.31
2012,1,25,3.98
2012,1,26,3.32
2012,1,27,4.17
2012,1,28,4.04
2012,1,29,4.25
2012,1,30,4.44
2012,1,31,4.5
2011,1,1,3.24
2011,1,2,2.2
2011,1,3,2.65
2011,1,4,2.08
2011,1,5,2.65
2011,1,6,2.47
2011,1,7,2.53
2011,1,8,2.5
2011,1,9,1.78
2011,1,10,3.4
2011,1,11,3.77
2011,1,12,3.84
2011,1,13,3.51
2011,1,14,3.42
2011,1,15,3.85
2011,1,16,3.91
2011,1,17,4.28
2011,1,18,4.28
2011,1,19,4.31
2011,1,20,3.91
2011,1,21,3.94
2011,1,22,3.57
2011,1,23,3.62
2011,1,24,4.03
2011,1,25,4.01
2011,1,26,3.97
2011,1,27,3.43
2011,1,28,4.04
2011,1,29,3.42
2011,1,30,3.31
2011,1,31,3.74
2010,1,1,3.47
2010,1,2,1.53
2010,1,3,1.08
2010,1,4,2.07
2010,1,5,3.13
2010,1,6,2.64
2010,1,7,2.04
2010,1,8,1.04
2010,1,9,1.89
2010,1,10,0.99
2010,1,11,2.2
2010,1,12,1.57
2010,1,13,1.66
2010,1,14,2.56
2010,1,15,3.62
2010,1,16,3.5
2010,1,17,1.32
2010,1,18,2.19
2010,1,19,2.43
2010,1,20,2.34
2010,1,21,2.39
2010,1,22,2.51
2010,1,23,3.14
2010,1,24,3.29
2010,1,25,3.5
2010,1,26,3.16
2010,1,27,3.41
2010,1,28,3.38
2010,1,29,3.84
2010,1,30,3.97
2010,1,31,4.45
2009,1,1,3.37
2009,1,2,2.96
2009,1,3,1.59
2009,1,4,1.85
2009,1,5,2.48
2009,1,6,2.31
2009,1,7,2.61
2009,1,8,3.3
2009,1,9,1.82
2009,1,10,2.5
2009,1,11,3.3
2009,1,12,3.46
2009,1,13,3.33
2009,1,14,3.36
2009,1,15,3.27
2009,1,16,2.51
2009,1,17,1.99
2009,1,18,2.58
2009,1,19,2.71
2009,1,20,4.29
2009,1,21,3.96
2009,1,22,3.69
2009,1,23,4.04
2009,1,24,3.43
2009,1,25,3.11
2009,1,26,3.81
2009,1,27,4.49
2009,1,28,4.38
2009,1,29,4.11
2009,1,30,4.31
2009,1,31,4.6
2008,1,1,3.91
2008,1,2,3.4
2008,1,3,3.07
2008,1,4,3.33
2008,1,5,2.87
2008,1,6,2.23
2008,1,7,2.91
2008,1,8,2.56
2008,1,9,2.52
2008,1,10,3.09
2008,1,11,3.67
2008,1,12,3.94
2008,1,13,4.14
2008,1,14,4.29
2008,1,15,3.9
2008,1,16,3.92
2008,1,17,2.85
2008,1,18,3.45
2008,1,19,3.78
2008,1,20,4.3
2008,1,21,4.1
2008,1,22,2.78
2008,1,23,4.43
2008,1,24,3.9
2008,1,25,3.03
2008,1,26,3.23
2008,1,27,3.78
2008,1,28,2.87
2008,1,29,3.62
2008,1,30,4.07
2008,1,31,4.4
2015,2,1,3.89
2015,2,2,3.34
2015,2,3,3.76
2015,2,4,3
2015,2,5,4.8
2015,2,6,4.69
2015,2,7,4.22
2015,2,8,4.05
2015,2,9,4.68
2015,2,10,4.78
2015,2,11,4.37
2015,2,12,4.41
2015,2,13,5.04
2015,2,14,4.87
2015,2,15,4.7
2015,2,16,3.86
2015,2,17,4.39
2015,2,18,4.02
2015,2,19,4.46
2015,2,20,4.66
2015,2,21,4.87
2015,2,22,5.3
2015,2,23,4.66
2015,2,24,3.31
2015,2,25,3.23
2015,2,26,5.2
2015,2,27,5.51
2015,2,28,4.85
2016,2,1,3.98
2016,2,2,4.7
2016,2,3,4.7
2016,2,4,4.76
2016,2,5,4.56
2016,2,6,4.29
2016,2,7,2.67
2016,2,8,4.24
2016,2,9,4.43
2016,2,10,4.17
2016,2,11,4.2
2016,2,12,4.28
2016,2,13,3.6
2016,2,14,4.46
2016,2,15,3.77
2016,2,16,4.26
2016,2,17,3.66
2016,2,18,1.9
2016,2,19,3.33
2016,2,20,3.35
2016,2,21,5.37
2016,2,22,5.8
2016,2,23,5.78
2016,2,24,5.64
2016,2,25,5.55
2016,2,26,5.05
2016,2,27,4.82
2016,2,28,4.67
2017,2,1,4.09
2017,2,2,3.72
2017,2,3,3.74
2017,2,4,3.26
2017,2,5,2.53
2017,2,6,3.75
2017,2,7,4.74
2017,2,8,4.45
2017,2,9,4.73
2017,2,10,5.02
2017,2,11,4.92
2017,2,12,3.91
2017,2,13,4.54
2017,2,14,4.98
2017,2,15,4.75
2017,2,16,4.31
2017,2,17,3.78
2017,2,18,4.8
2017,2,19,4.84
2017,2,20,4.84
2017,2,21,4.82
2017,2,22,5.51
2017,2,23,5.81
2017,2,24,5.9
2017,2,25,5.71
2017,2,26,5.83
2017,2,27,5.69
2017,2,28,5.11
2018,2,1,4.36
2018,2,2,4.34
2018,2,3,4.28
2018,2,4,4.83
2018,2,5,3.11
2018,2,6,2.6
2018,2,7,4.9
2018,2,8,4.38
2018,2,9,4.8
2018,2,10,4.37
2018,2,11,3.45
2018,2,12,2.2
2018,2,13,4.11
2018,2,14,5
2018,2,15,4.8
2018,2,16,4.43
2018,2,17,4.41
2018,2,18,4.8
2018,2,19,4.93
2018,2,20,5.04
2018,2,21,4.76
2018,2,22,4.54
2018,2,23,4.41
2018,2,24,4.14
2018,2,25,4.76
2018,2,26,5.79
2018,2,27,5.03
2018,2,28,4.51
2019,2,1,3.13
2019,2,2,2.31
2019,2,3,2.5
2019,2,4,3.41
2019,2,5,2.78
2019,2,6,3.14
2019,2,7,1.43
2019,2,8,4.7
2019,2,9,5.17
2019,2,10,3.74
2019,2,11,3.8
2019,2,12,3.79
2019,2,13,3.37
2019,2,14,2.14
2019,2,15,2.87
2019,2,16,2.47
2019,2,17,4.27
2019,2,18,3.38
2019,2,19,3.79
2019,2,20,1.6
2019,2,21,4
2019,2,22,4.34
2019,2,23,5.45
2019,2,24,5.07
2019,2,25,4.62
2019,2,26,2.68
2019,2,27,3.85
2019,2,28,5.59
2020,2,1,4.21
2020,2,2,4.2
2020,2,3,4.49
2020,2,4,3.95
2020,2,5,3.87
2020,2,6,4.08
2020,2,7,4.15
2020,2,8,4.34
2020,2,9,4.33
2020,2,10,4.2
2020,2,11,4.22
2020,2,12,4.32
2020,2,13,4.9
2020,2,14,5.16
2020,2,15,5.49
2020,2,16,5.38
2020,2,17,5.2
2020,2,18,5.5
2020,2,19,4.22
2020,2,20,4.39
2020,2,21,1.85
2020,2,22,3.55
2020,2,23,3.6
2020,2,24,4.44
2020,2,25,4.49
2020,2,26,4.64
2020,2,27,4.04
2020,2,28,4.01
2021,2,1,4.44
2021,2,2,4.49
2021,2,3,4.07
2021,2,4,2.78
2021,2,5,4.12
2021,2,6,4.85
2021,2,7,4.89
2021,2,8,4.53
2021,2,9,4.32
2021,2,10,4.72
2021,2,11,4.44
2021,2,12,3.49
2021,2,13,3.36
2021,2,14,4.32
2021,2,15,4.39
2021,2,16,4.37
2021,2,17,4.48
2021,2,18,4.5
2021,2,19,4.55
2021,2,20,4.4
2021,2,21,4.92
2021,2,22,5.01
2021,2,23,5.33
2021,2,24,5.32
2021,2,25,5.35
2021,2,26,5.55
2021,2,27,5.31
2021,2,28,5.41
2022,2,1,3.13
2022,2,2,3.65
2022,2,3,1.16
2022,2,4,2.32
2022,2,5,3.79
2022,2,6,4.68
2022,2,7,4.35
2022,2,8,4.03
2022,2,9,3.17
2022,2,10,4.54
2022,2,11,5
2022,2,12,5.38
2022,2,13,5.06
2022,2,14,5.09
2022,2,15,4.91
2022,2,16,4.98
2022,2,17,5.1
2022,2,18,4.95
2022,2,19,5.07
2022,2,20,5.08
2022,2,21,5.57
2022,2,22,5.25
2022,2,23,3.99
2022,2,24,3.94
2022,2,25,4.43
2022,2,26,4.07
2022,2,27,5.03
2022,2,28,5.98
2008,2,1,4.71
2008,2,2,3.2
2008,2,3,2.05
2008,2,4,3.68
2008,2,5,2.7
2008,2,6,3.4
2008,2,7,3.31
2008,2,8,2.76
2008,2,9,4.54
2008,2,10,5.03
2008,2,11,5.27
2008,2,12,5.33
2008,2,13,5.59
2008,2,14,5.19
2008,2,15,5.17
2008,2,16,5.2
2008,2,17,5
2008,2,18,4.93
2008,2,19,5.35
2008,2,20,5.45
2008,2,21,4.95
2008,2,22,4.87
2008,2,23,4.7
2008,2,24,4.02
2008,2,25,5.28
2008,2,26,5.85
2008,2,27,5.96
2008,2,28,5.8
2009,2,1,4.75
2009,2,2,4.83
2009,2,3,4.65
2009,2,4,4.59
2009,2,5,4.24
2009,2,6,4.25
2009,2,7,4.35
2009,2,8,4.81
2009,2,9,4.64
2009,2,10,2.7
2009,2,11,3.2
2009,2,12,4.16
2009,2,13,4.57
2009,2,14,4.78
2009,2,15,5.14
2009,2,16,5.32
2009,2,17,5.15
2009,2,18,5.33
2009,2,19,5.51
2009,2,20,5.15
2009,2,21,5.19
2009,2,22,4.84
2009,2,23,4.8
2009,2,24,5.1
2009,2,25,5.17
2009,2,26,5.12
2009,2,27,5.53
2009,2,28,6
2010,2,1,4.18
2010,2,2,4.16
2010,2,3,4.38
2010,2,4,4.6
2010,2,5,4.38
2010,2,6,4.59
2010,2,7,4.38
2010,2,8,2.37
2010,2,9,2.96
2010,2,10,3.1
2010,2,11,4.39
2010,2,12,3.47
2010,2,13,3.71
2010,2,14,4.37
2010,2,15,2.16
2010,2,16,4.46
2010,2,17,4.77
2010,2,18,5.37
2010,2,19,5.34
2010,2,20,5.45
2010,2,21,5.35
2010,2,22,4.56
2010,2,23,5.06
2010,2,24,4.52
2010,2,25,5.13
2010,2,26,5.37
2010,2,27,5.35
2010,2,28,5.59
2011,2,1,4.41
2011,2,2,4.64
2011,2,3,4.44
2011,2,4,4.38
2011,2,5,4.8
2011,2,6,3.76
2011,2,7,3.32
2011,2,8,4.85
2011,2,9,5.23
2011,2,10,4.97
2011,2,11,4.83
2011,2,12,4.36
2011,2,13,4.44
2011,2,14,1.93
2011,2,15,1.11
2011,2,16,4.03
2011,2,17,4.34
2011,2,18,5.14
2011,2,19,4.88
2011,2,20,4.3
2011,2,21,5.01
2011,2,22,4.39
2011,2,23,4.73
2011,2,24,3.84
2011,2,25,4.52
2011,2,26,4.63
2011,2,27,5.13
2011,2,28,5.45
2012,2,1,4.5
2012,2,2,4.32
2012,2,3,3.99
2012,2,4,2.76
2012,2,5,4.13
2012,2,6,3.98
2012,2,7,3.39
2012,2,8,4.84
2012,2,9,5.18
2012,2,10,5.1
2012,2,11,3.82
2012,2,12,4.46
2012,2,13,4.45
2012,2,14,3.26
2012,2,15,4.01
2012,2,16,4.36
2012,2,17,3.86
2012,2,18,5.03
2012,2,19,4.98
2012,2,20,4.98
2012,2,21,5.06
2012,2,22,5.26
2012,2,23,4.95
2012,2,24,4.66
2012,2,25,5.26
2012,2,26,5.84
2012,2,27,5.38
2012,2,28,5.39
2013,2,1,3.18
2013,2,2,2.99
2013,2,3,3.45
2013,2,4,1.46
2013,2,5,0.96
2013,2,6,2.67
2013,2,7,5.07
2013,2,8,5.06
2013,2,9,5.19
2013,2,10,4.8
2013,2,11,4.61
2013,2,12,4.7
2013,2,13,4.79
2013,2,14,4.88
2013,2,15,3.43
2013,2,16,0.95
2013,2,17,2.69
2013,2,18,4.25
2013,2,19,3.8
2013,2,20,4.74
2013,2,21,4.74
2013,2,22,4.6
2013,2,23,3.09
2013,2,24,5.32
2013,2,25,5.44
2013,2,26,5.47
2013,2,27,5.41
2013,2,28,6.02
2014,2,1,2.71
2014,2,2,3.4
2014,2,3,4.16
2014,2,4,3.75
2014,2,5,3.06
2014,2,6,3.67
2014,2,7,4.26
2014,2,8,2.78
2014,2,9,4.96
2014,2,10,3.53
2014,2,11,5.01
2014,2,12,5.09
2014,2,13,3.94
2014,2,14,1.06
2014,2,15,2.58
2014,2,16,3.97
2014,2,17,5.11
2014,2,18,5.29
2014,2,19,4.25
2014,2,20,4.8
2014,2,21,4.17
2014,2,22,2.91
2014,2,23,3.49
2014,2,24,4.74
2014,2,25,4.05
2014,2,26,3.78
2014,2,27,4.24
2014,2,28,2.49
2023,2,1,4.79
2023,2,2,4.9
2023,2,3,4.67
2023,2,4,4.8
2023,2,5,4.75
2023,2,6,4.71
2023,2,7,4.49
2023,2,8,5.03
2023,2,9,4.87
2023,2,10,4.84
2023,2,11,4.25
2023,2,12,5.19
2023,2,13,5.58
2023,2,14,5.16
2023,2,15,5.21
2023,2,16,4.63
2023,2,17,4.18
2023,2,18,4.82
2023,2,19,4.58
2023,2,20,5.06
2023,2,21,5.24
2023,2,22,4.12
2023,2,23,5.5
2023,2,24,4.91
2023,2,25,5.31
2023,2,26,5.16
2023,2,27,5.09
2023,2,28,4.77
2023,3,1,4.16
2023,3,2,5.28
2023,3,3,5.46
2023,3,4,3.54
2023,3,5,5.59
2023,3,6,5.95
2023,3,7,5.57
2023,3,8,5.23
2023,3,9,4.65
2023,3,10,5.5
2023,3,11,5.76
2023,3,12,5.8
2023,3,13,5.01
2023,3,14,5.62
2023,3,15,5.38
2023,3,16,3.76
2023,3,17,3.4
2023,3,18,2.81
2023,3,19,4.26
2023,3,20,2.73
2023,3,21,4.04
2023,3,22,5.15
2023,3,23,6.13
2023,3,24,3.18
2023,3,25,5.68
2023,3,26,5.95
2023,3,27,6.26
2023,3,28,6.64
2023,3,29,5.41
2023,3,30,5.2
2023,3,31,4.76
2014,3,1,2.5
2014,3,2,4.48
2014,3,3,5.46
2014,3,4,4.99
2014,3,5,5.06
2014,3,6,5.41
2014,3,7,6
2014,3,8,5.84
2014,3,9,5.68
2014,3,10,3.19
2014,3,11,4.76
2014,3,12,5.52
2014,3,13,6.13
2014,3,14,6.47
2014,3,15,6.31
2014,3,16,6.16
2014,3,17,6.1
2014,3,18,6.03
2014,3,19,6.6
2014,3,20,6.07
2014,3,21,5.75
2014,3,22,6.2
2014,3,23,2.98
2014,3,24,5.23
2014,3,25,6.02
2014,3,26,4.62
2014,3,27,3.63
2014,3,28,4.87
2014,3,29,5.64
2014,3,30,6.1
2014,3,31,6.74
2013,3,1,6.12
2013,3,2,6.18
2013,3,3,6.14
2013,3,4,6.22
2013,3,5,6.1
2013,3,6,6.01
2013,3,7,6.13
2013,3,8,6.23
2013,3,9,6.19
2013,3,10,5.78
2013,3,11,5.53
2013,3,12,5.27
2013,3,13,5.47
2013,3,14,5.4
2013,3,15,6.38
2013,3,16,6
2013,3,17,6.24
2013,3,18,6.35
2013,3,19,6.3
2013,3,20,5.64
2013,3,21,6.25
2013,3,22,5.93
2013,3,23,6.05
2013,3,24,6.13
2013,3,25,6.71
2013,3,26,6.21
2013,3,27,4.22
2013,3,28,5.94
2013,3,29,4.7
2013,3,30,6.29
2013,3,31,6.63
2012,3,1,5.75
2012,3,2,5.7
2012,3,3,5.54
2012,3,4,5.1
2012,3,5,5.49
2012,3,6,4.73
2012,3,7,5.77
2012,3,8,5.73
2012,3,9,5.97
2012,3,10,5.96
2012,3,11,6.15
2012,3,12,5.64
2012,3,13,5.69
2012,3,14,5.75
2012,3,15,6.09
2012,3,16,5.55
2012,3,17,5.97
2012,3,18,5.86
2012,3,19,6.03
2012,3,20,5.59
2012,3,21,5.87
2012,3,22,6.32
2012,3,23,6.31
2012,3,24,6.33
2012,3,25,5.72
2012,3,26,5.54
2012,3,27,5.04
2012,3,28,5.94
2012,3,29,6.82
2012,3,30,6.89
2012,3,31,6.84
2011,3,1,2.64
2011,3,2,2.81
2011,3,3,2.15
2011,3,4,3.49
2011,3,5,5.42
2011,3,6,5.72
2011,3,7,6.01
2011,3,8,5.51
2011,3,9,5.79
2011,3,10,5.46
2011,3,11,5.9
2011,3,12,6.32
2011,3,13,6.46
2011,3,14,6.28
2011,3,15,6.01
2011,3,16,5.95
2011,3,17,5.59
2011,3,18,4.88
2011,3,19,5.07
2011,3,20,6.35
2011,3,21,6.15
2011,3,22,6.86
2011,3,23,6.36
2011,3,24,6.15
2011,3,25,6.37
2011,3,26,6.67
2011,3,27,6.75
2011,3,28,6.6
2011,3,29,5.57
2011,3,30,6.45
2011,3,31,6.71
2010,3,1,5.11
2010,3,2,5.54
2010,3,3,4.94
2010,3,4,4.99
2010,3,5,5.76
2010,3,6,5.14
2010,3,7,5.65
2010,3,8,6.17
2010,3,9,6.1
2010,3,10,6.04
2010,3,11,6.11
2010,3,12,5.93
2010,3,13,6.04
2010,3,14,5.97
2010,3,15,6.16
2010,3,16,5.97
2010,3,17,5.84
2010,3,18,5.85
2010,3,19,5.97
2010,3,20,6.18
2010,3,21,6.45
2010,3,22,6.45
2010,3,23,6.56
2010,3,24,6.57
2010,3,25,5.05
2010,3,26,6.15
2010,3,27,6.05
2010,3,28,6.46
2010,3,29,6.67
2010,3,30,6.29
2010,3,31,5.96
2009,3,1,5.81
2009,3,2,5.53
2009,3,3,5.89
2009,3,4,5.19
2009,3,5,5.28
2009,3,6,5.87
2009,3,7,6
2009,3,8,6.01
2009,3,9,6.02
2009,3,10,5.86
2009,3,11,6.45
2009,3,12,6.44
2009,3,13,6.37
2009,3,14,5.98
2009,3,15,5.68
2009,3,16,5.66
2009,3,17,5.67
2009,3,18,5.69
2009,3,19,5.7
2009,3,20,2.91
2009,3,21,6.13
2009,3,22,6.22
2009,3,23,5.59
2009,3,24,6
2009,3,25,5.07
2009,3,26,6.66
2009,3,27,2.72
2009,3,28,5.6
2009,3,29,5.02
2009,3,30,6.25
2009,3,31,7.08
2008,3,1,5.69
2008,3,2,5.74
2008,3,3,5.37
2008,3,4,5.18
2008,3,5,5.65
2008,3,6,5.74
2008,3,7,5.45
2008,3,8,5.3
2008,3,9,4.86
2008,3,10,4.23
2008,3,11,4.27
2008,3,12,4.49
2008,3,13,2.52
2008,3,14,6.02
2008,3,15,6.09
2008,3,16,6.32
2008,3,17,6.47
2008,3,18,6.43
2008,3,19,5.78
2008,3,20,5.79
2008,3,21,6.48
2008,3,22,6.33
2008,3,23,5.77
2008,3,24,6.43
2008,3,25,6.46
2008,3,26,6.5
2008,3,27,6.38
2008,3,28,6.24
2008,3,29,6.36
2008,3,30,6.06
2008,3,31,5.83
2022,3,1,5.41
2022,3,2,5.5
2022,3,3,5.2
2022,3,4,5.24
2022,3,5,5.94
2022,3,6,4.7
2022,3,7,5.01
2022,3,8,5.22
2022,3,9,5.35
2022,3,10,5.41
2022,3,11,6
2022,3,12,6.23
2022,3,13,5.7
2022,3,14,5.98
2022,3,15,5.8
2022,3,16,6.19
2022,3,17,5.82
2022,3,18,5.23
2022,3,19,5.63
2022,3,20,6.11
2022,3,21,5.73
2022,3,22,6.06
2022,3,23,5.69
2022,3,24,6.1
2022,3,25,6.38
2022,3,26,6.49
2022,3,27,6.58
2022,3,28,6.67
2022,3,29,6.81
2022,3,30,6.63
2022,3,31,6.39
2021,3,1,5.71
2021,3,2,5.94
2021,3,3,5.98
2021,3,4,5.9
2021,3,5,5.69
2021,3,6,6.08
2021,3,7,5.71
2021,3,8,4.98
2021,3,9,5.17
2021,3,10,5.35
2021,3,11,5.56
2021,3,12,2.85
2021,3,13,5.48
2021,3,14,5.95
2021,3,15,5.19
2021,3,16,4.85
2021,3,17,5.22
2021,3,18,4.7
2021,3,19,5.04
2021,3,20,6.15
2021,3,21,6.19
2021,3,22,4.7
2021,3,23,4.03
2021,3,24,5.8
2021,3,25,5.78
2021,3,26,6.39
2021,3,27,6.41
2021,3,28,6.19
2021,3,29,6.56
2021,3,30,6.25
2021,3,31,7.43
2020,3,1,5.07
2020,3,2,4.92
2020,3,3,4.85
2020,3,4,4.31
2020,3,5,4.3
2020,3,6,3.2
2020,3,7,3.55
2020,3,8,5.62
2020,3,9,5.9
2020,3,10,5.22
2020,3,11,4.75
2020,3,12,5.3
2020,3,13,5.72
2020,3,14,3.8
2020,3,15,5.48
2020,3,16,4.77
2020,3,17,6.17
2020,3,18,5.99
2020,3,19,6.07
2020,3,20,5.13
2020,3,21,5.24
2020,3,22,6.27
2020,3,23,5.79
2020,3,24,4.17
2020,3,25,6.04
2020,3,26,3.69
2020,3,27,3.33
2020,3,28,6.93
2020,3,29,6.87
2020,3,30,6.92
2020,3,31,5.97
2019,3,1,5.5
2019,3,2,1.65
2019,3,3,3.63
2019,3,4,4.12
2019,3,5,5.39
2019,3,6,6.11
2019,3,7,5.74
2019,3,8,5.16
2019,3,9,5.43
2019,3,10,6.11
2019,3,11,5.1
2019,3,12,4.46
2019,3,13,2.6
2019,3,14,3.66
2019,3,15,6.04
2019,3,16,5.72
2019,3,17,5.93
2019,3,18,6.02
2019,3,19,6.3
2019,3,20,5.71
2019,3,21,5.86
2019,3,22,6.58
2019,3,23,6.42
2019,3,24,6.35
2019,3,25,5.38
2019,3,26,6.81
2019,3,27,5.62
2019,3,28,6.1
2019,3,29,6.28
2019,3,30,6.28
2019,3,31,6.54
2018,3,1,4.31
2018,3,2,5.33
2018,3,3,4.79
2018,3,4,4.34
2018,3,5,5.82
2018,3,6,5.87
2018,3,7,6.08
2018,3,8,5.96
2018,3,9,5.68
2018,3,10,5.83
2018,3,11,5.89
2018,3,12,5.96
2018,3,13,6.06
2018,3,14,5.16
2018,3,15,5
2018,3,16,5
2018,3,17,6.46
2018,3,18,6.37
2018,3,19,5.45
2018,3,20,5.29
2018,3,21,5.46
2018,3,22,5.58
2018,3,23,6.24
2018,3,24,6.41
2018,3,25,6.51
2018,3,26,6.42
2018,3,27,6.43
2018,3,28,6.69
2018,3,29,6.7
2018,3,30,7.11
2018,3,31,6.39
2017,3,1,4.22
2017,3,2,3.64
2017,3,3,4.82
2017,3,4,6.09
2017,3,5,6.06
2017,3,6,6.01
2017,3,7,4.98
2017,3,8,4.27
2017,3,9,4.7
2017,3,10,4.16
2017,3,11,4.73
2017,3,12,5.89
2017,3,13,6.06
2017,3,14,5.85
2017,3,15,6.02
2017,3,16,5.49
2017,3,17,6.16
2017,3,18,5.9
2017,3,19,5.26
2017,3,20,6.32
2017,3,21,6.19
2017,3,22,6.41
2017,3,23,6.28
2017,3,24,5.67
2017,3,25,6.61
2017,3,26,6.67
2017,3,27,6.69
2017,3,28,6.45
2017,3,29,6.71
2017,3,30,6.7
2017,3,31,6.21
2016,3,1,4.77
2016,3,2,4.99
2016,3,3,4.92
2016,3,4,5.16
2016,3,5,4.28
2016,3,6,4.34
2016,3,7,5.23
2016,3,8,5.06
2016,3,9,5.73
2016,3,10,5.62
2016,3,11,4.39
2016,3,12,5.1
2016,3,13,5.64
2016,3,14,4.71
2016,3,15,5.62
2016,3,16,6.05
2016,3,17,4.82
2016,3,18,5.23
2016,3,19,4.89
2016,3,20,6.02
2016,3,21,6.53
2016,3,22,7.22
2016,3,23,6.99
2016,3,24,6.43
2016,3,25,6.06
2016,3,26,3.92
2016,3,27,6.19
2016,3,28,6.86
2016,3,29,6.53
2016,3,30,5.77
2016,3,31,6.4
2015,3,1,1.08
2015,3,2,2.8
2015,3,3,3.48
2015,3,4,5.59
2015,3,5,5.81
2015,3,6,5.53
2015,3,7,4.02
2015,3,8,4.55
2015,3,9,5.84
2015,3,10,6.28
2015,3,11,5.89
2015,3,12,5.65
2015,3,13,3.57
2015,3,14,3.65
2015,3,15,1.47
2015,3,16,4.96
2015,3,17,6.02
2015,3,18,6.26
2015,3,19,6.5
2015,3,20,6.44
2015,3,21,6.31
2015,3,22,6.37
2015,3,23,6.49
2015,3,24,6.7
2015,3,25,6.18
2015,3,26,5.94
2015,3,27,6.42
2015,3,28,6.82
2015,3,29,2.77
2015,3,30,5.15
2015,3,31,5.9
2015,4,1,5.62
2015,4,2,6.27
2015,4,3,4.35
2015,4,4,4.41
2015,4,5,6.71
2015,4,6,6.65
2015,4,7,5.56
2015,4,8,6.76
2015,4,9,7.41
2015,4,10,7.32
2015,4,11,6.57
2015,4,12,3.53
2015,4,13,4.68
2015,4,14,5.85
2015,4,15,6.09
2015,4,16,4.41
2015,4,17,6.69
2015,4,18,6.73
2015,4,19,6.95
2015,4,20,6.24
2015,4,21,6.67
2015,4,22,7.52
2015,4,23,7.41
2015,4,24,7.4
2015,4,25,7.4
2015,4,26,7
2015,4,27,6.52
2015,4,28,6.42
2015,4,29,7.01
2015,4,30,6.99
2016,4,1,6.53
2016,4,2,6.16
2016,4,3,5.48
2016,4,4,5.86
2016,4,5,5.4
2016,4,6,6.01
2016,4,7,6.68
2016,4,8,7.15
2016,4,9,7.01
2016,4,10,5.14
2016,4,11,6.79
2016,4,12,7.41
2016,4,13,7.58
2016,4,14,7.25
2016,4,15,6.47
2016,4,16,6.72
2016,4,17,5.67
2016,4,18,6.2
2016,4,19,5.58
2016,4,20,6.83
2016,4,21,7.37
2016,4,22,6.78
2016,4,23,7.6
2016,4,24,7.69
2016,4,25,7.39
2016,4,26,6.47
2016,4,27,5.82
2016,4,28,6.77
2016,4,29,6.93
2016,4,30,7.01
2017,4,1,6.84
2017,4,2,6.78
2017,4,3,6.94
2017,4,4,5.41
2017,4,5,6.06
2017,4,6,6.47
2017,4,7,5.88
2017,4,8,6.96
2017,4,9,7.43
2017,4,10,7.73
2017,4,11,7.48
2017,4,12,7.38
2017,4,13,7.04
2017,4,14,6.88
2017,4,15,7.06
2017,4,16,7.37
2017,4,17,6.97
2017,4,18,6.94
2017,4,19,7.26
2017,4,20,7.14
2017,4,21,6.43
2017,4,22,6.11
2017,4,23,6.71
2017,4,24,6.83
2017,4,25,7.31
2017,4,26,6.8
2017,4,27,5.96
2017,4,28,5.94
2017,4,29,5.66
2017,4,30,6.43
2018,4,1,6.31
2018,4,2,6.15
2018,4,3,5.76
2018,4,4,6.19
2018,4,5,5.76
2018,4,6,4.45
2018,4,7,5.93
2018,4,8,6.13
2018,4,9,3.58
2018,4,10,5.79
2018,4,11,4.95
2018,4,12,6.4
2018,4,13,7.32
2018,4,14,6.73
2018,4,15,6.47
2018,4,16,4.93
2018,4,17,6.46
2018,4,18,7.13
2018,4,19,6.68
2018,4,20,5.75
2018,4,21,6.68
2018,4,22,7.56
2018,4,23,7.38
2018,4,24,7.35
2018,4,25,7.46
2018,4,26,7
2018,4,27,6.36
2018,4,28,6.31
2018,4,29,6.22
2018,4,30,6.82
2019,4,1,7.2
2019,4,2,6.99
2019,4,3,6.95
2019,4,4,6.74
2019,4,5,6.52
2019,4,6,6.5
2019,4,7,5.57
2019,4,8,6.33
2019,4,9,6.65
2019,4,10,6.53
2019,4,11,6.45
2019,4,12,5.84
2019,4,13,6.78
2019,4,14,6.91
2019,4,15,6.54
2019,4,16,2.9
2019,4,17,4.52
2019,4,18,6.16
2019,4,19,6.7
2019,4,20,6.81
2019,4,21,6.72
2019,4,22,6.93
2019,4,23,6.7
2019,4,24,6.76
2019,4,25,6.26
2019,4,26,6.87
2019,4,27,7.28
2019,4,28,7.35
2019,4,29,7.29
2019,4,30,7.28
2020,4,1,6.71
2020,4,2,6.88
2020,4,3,7.3
2020,4,4,7.25
2020,4,5,6.68
2020,4,6,7.09
2020,4,7,6.82
2020,4,8,6.97
2020,4,9,6.77
2020,4,10,6.83
2020,4,11,6.89
2020,4,12,7.03
2020,4,13,6.72
2020,4,14,5.66
2020,4,15,6.12
2020,4,16,6.55
2020,4,17,6.22
2020,4,18,6.06
2020,4,19,6.63
2020,4,20,3.52
2020,4,21,6.59
2020,4,22,6.97
2020,4,23,4.48
2020,4,24,7.1
2020,4,25,5.89
2020,4,26,4.17
2020,4,27,6.97
2020,4,28,6.34
2020,4,29,6.28
2020,4,30,6.47
2021,4,1,7.45
2021,4,2,7.26
2021,4,3,7.51
2021,4,4,7.27
2021,4,5,6.03
2021,4,6,5.96
2021,4,7,6.08
2021,4,8,6.71
2021,4,9,7.36
2021,4,10,7.24
2021,4,11,7.38
2021,4,12,6.82
2021,4,13,7.06
2021,4,14,6.56
2021,4,15,6.66
2021,4,16,5.56
2021,4,17,6.68
2021,4,18,7.04
2021,4,19,6.83
2021,4,20,4.25
2021,4,21,6.69
2021,4,22,7.13
2021,4,23,5.96
2021,4,24,7.55
2021,4,25,7.46
2021,4,26,7.91
2021,4,27,7.19
2021,4,28,6.79
2021,4,29,6.07
2021,4,30,6.25
2022,4,1,6.94
2022,4,2,6.94
2022,4,3,7.3
2022,4,4,6.99
2022,4,5,7.09
2022,4,6,7.03
2022,4,7,7.19
2022,4,8,7.27
2022,4,9,6.93
2022,4,10,6.95
2022,4,11,7.14
2022,4,12,4.86
2022,4,13,6.83
2022,4,14,6.72
2022,4,15,6.73
2022,4,16,7.07
2022,4,17,6.92
2022,4,18,6.92
2022,4,19,6.68
2022,4,20,6.72
2022,4,21,3.43
2022,4,22,6.61
2022,4,23,7
2022,4,24,7.12
2022,4,25,6.62
2022,4,26,6.93
2022,4,27,7.09
2022,4,28,7.01
2022,4,29,7.06
2022,4,30,7.19
2008,4,1,4.23
2008,4,2,6.39
2008,4,3,4.56
2008,4,4,4.76
2008,4,5,4.85
2008,4,6,6.77
2008,4,7,6.76
2008,4,8,6.65
2008,4,9,6.72
2008,4,10,6.63
2008,4,11,6.7
2008,4,12,4.89
2008,4,13,6.49
2008,4,14,6.91
2008,4,15,6.52
2008,4,16,5.9
2008,4,17,7.34
2008,4,18,7.6
2008,4,19,7.42
2008,4,20,7.35
2008,4,21,7.32
2008,4,22,7.3
2008,4,23,7.23
2008,4,24,7.36
2008,4,25,7.27
2008,4,26,6.79
2008,4,27,7.4
2008,4,28,7.57
2008,4,29,7.24
2008,4,30,7.27
2009,4,1,6.44
2009,4,2,5.13
2009,4,3,5.74
2009,4,4,6.02
2009,4,5,6.32
2009,4,6,5
2009,4,7,6.12
2009,4,8,3.91
2009,4,9,6.44
2009,4,10,7.41
2009,4,11,7.49
2009,4,12,7.2
2009,4,13,7.18
2009,4,14,7.3
2009,4,15,6.65
2009,4,16,6.04
2009,4,17,7.58
2009,4,18,7.68
2009,4,19,7.31
2009,4,20,7
2009,4,21,6.95
2009,4,22,6.87
2009,4,23,7.33
2009,4,24,7.4
2009,4,25,7.61
2009,4,26,7.62
2009,4,27,7.22
2009,4,28,6.48
2009,4,29,6.7
2009,4,30,7.01
2010,4,1,6.53
2010,4,2,6.32
2010,4,3,6.35
2010,4,4,6.35
2010,4,5,6.01
2010,4,6,7.07
2010,4,7,7.25
2010,4,8,6.31
2010,4,9,5.88
2010,4,10,6.97
2010,4,11,7.01
2010,4,12,6.7
2010,4,13,7.28
2010,4,14,7.27
2010,4,15,7.09
2010,4,16,6.8
2010,4,17,6.66
2010,4,18,6.26
2010,4,19,5.53
2010,4,20,6.27
2010,4,21,5.77
2010,4,22,5.93
2010,4,23,6.55
2010,4,24,7.01
2010,4,25,7.09
2010,4,26,6.84
2010,4,27,6.2
2010,4,28,5.44
2010,4,29,6.58
2010,4,30,6.46
2011,4,1,6.08
2011,4,2,6.19
2011,4,3,6.28
2011,4,4,7.22
2011,4,5,6.88
2011,4,6,6.58
2011,4,7,5.83
2011,4,8,6.44
2011,4,9,6.7
2011,4,10,3.36
2011,4,11,4.12
2011,4,12,4.32
2011,4,13,6.3
2011,4,14,6.83
2011,4,15,6.08
2011,4,16,5.22
2011,4,17,4.33
2011,4,18,6.44
2011,4,19,6.8
2011,4,20,7.52
2011,4,21,7.56
2011,4,22,7.05
2011,4,23,7.36
2011,4,24,6.88
2011,4,25,6.89
2011,4,26,6.63
2011,4,27,6.88
2011,4,28,6.97
2011,4,29,6.95
2011,4,30,7
2012,4,1,6
2012,4,2,5.96
2012,4,3,5.88
2012,4,4,6.28
2012,4,5,6.7
2012,4,6,6.57
2012,4,7,6.67
2012,4,8,6.73
2012,4,9,6.58
2012,4,10,6.44
2012,4,11,4.18
2012,4,12,6.9
2012,4,13,4.32
2012,4,14,2.83
2012,4,15,6.48
2012,4,16,6.76
2012,4,17,7.02
2012,4,18,5.22
2012,4,19,6.69
2012,4,20,5.37
2012,4,21,7.06
2012,4,22,5.99
2012,4,23,7.14
2012,4,24,6.29
2012,4,25,7.06
2012,4,26,4.65
2012,4,27,7.04
2012,4,28,6.25
2012,4,29,7.02
2012,4,30,6.84
2013,4,1,6.83
2013,4,2,6.18
2013,4,3,6.13
2013,4,4,7.13
2013,4,5,7.31
2013,4,6,7.31
2013,4,7,7.08
2013,4,8,6.94
2013,4,9,6.12
2013,4,10,6.51
2013,4,11,6.24
2013,4,12,6.27
2013,4,13,5.81
2013,4,14,5.69
2013,4,15,6.91
2013,4,16,6.36
2013,4,17,7.3
2013,4,18,7.22
2013,4,19,7.26
2013,4,20,6.32
2013,4,21,5.8
2013,4,22,6.22
2013,4,23,6.27
2013,4,24,5.78
2013,4,25,5.43
2013,4,26,6.31
2013,4,27,6.86
2013,4,28,6.15
2013,4,29,7.12
2013,4,30,6.8
2014,4,1,7.04
2014,4,2,6.53
2014,4,3,7.11
2014,4,4,6.51
2014,4,5,6.89
2014,4,6,6.42
2014,4,7,6.44
2014,4,8,7.5
2014,4,9,7.54
2014,4,10,7.52
2014,4,11,7.35
2014,4,12,6.74
2014,4,13,5.21
2014,4,14,5.64
2014,4,15,6.24
2014,4,16,4.73
2014,4,17,5.47
2014,4,18,4.96
2014,4,19,5.48
2014,4,20,6.85
2014,4,21,7.13
2014,4,22,7.09
2014,4,23,6.8
2014,4,24,7.48
2014,4,25,7.15
2014,4,26,5.78
2014,4,27,7.71
2014,4,28,7.91
2014,4,29,7.72
2014,4,30,7.46
2023,4,1,6.1
2023,4,2,5.76
2023,4,3,6.3
2023,4,4,6.44
2023,4,5,7
2023,4,6,6.88
2023,4,7,7.31
2023,4,8,7.05
2023,4,9,6.89
2023,4,10,6.86
2023,4,11,7.01
2023,4,12,6.47
2023,4,13,6.64
2023,4,14,6.75
2023,4,15,7.14
2023,4,16,6.66
2023,4,17,7.28
2023,4,18,7.08
2023,4,19,6.49
2023,4,20,6.14
2023,4,21,6.34
2023,4,22,7.19
2023,4,23,4.35
2023,4,24,5.79
2023,4,25,6.55
2023,4,26,5.78
2023,4,27,5.42
2023,4,28,3.48
2023,4,29,3.73
2023,4,30,3.41
2023,5,1,2.2
2023,5,2,3.65
2023,5,3,3.77
2023,5,4,6.53
2023,5,5,6.08
2023,5,6,5.78
2023,5,7,6.51
2023,5,8,6.9
2023,5,9,7.12
2023,5,10,7.68
2023,5,11,7.71
2023,5,12,7.51
2023,5,13,7.07
2023,5,14,6.43
2023,5,15,7.2
2023,5,16,5.94
2023,5,17,5.63
2023,5,18,6.77
2023,5,19,7.51
2023,5,20,7.71
2023,5,21,6.9
2023,5,22,7.22
2023,5,23,6.78
2023,5,24,4.56
2023,5,25,6.57
2023,5,26,6.63
2023,5,27,5.37
2023,5,28,5.73
2023,5,29,4.9
2023,5,30,6.6
2023,5,31,6.33
2014,5,1,7.2
2014,5,2,6.68
2014,5,3,6.07
2014,5,4,6.58
2014,5,5,6.03
2014,5,6,5.52
2014,5,7,6.57
2014,5,8,6.9
2014,5,9,7.47
2014,5,10,6.68
2014,5,11,6.15
2014,5,12,5.59
2014,5,13,6.22
2014,5,14,6.2
2014,5,15,6.91
2014,5,16,7.07
2014,5,17,6.88
2014,5,18,7.12
2014,5,19,7.68
2014,5,20,7.46
2014,5,21,7.69
2014,5,22,7.85
2014,5,23,6.2
2014,5,24,7.21
2014,5,25,7.71
2014,5,26,7.56
2014,5,27,7.41
2014,5,28,7.58
2014,5,29,7.56
2014,5,30,6.4
2014,5,31,6.68
2013,5,1,7.51
2013,5,2,7.92
2013,5,3,7.84
2013,5,4,7.89
2013,5,5,6.74
2013,5,6,6.77
2013,5,7,6.99
2013,5,8,7.32
2013,5,9,7.54
2013,5,10,5.9
2013,5,11,6.21
2013,5,12,5.72
2013,5,13,7.3
2013,5,14,6.97
2013,5,15,7.19
2013,5,16,7.41
2013,5,17,7.74
2013,5,18,7.73
2013,5,19,7.39
2013,5,20,7.58
2013,5,21,7.5
2013,5,22,7.75
2013,5,23,7.67
2013,5,24,7.54
2013,5,25,7.16
2013,5,26,7.29
2013,5,27,5.72
2013,5,28,7.33
2013,5,29,7.34
2013,5,30,7.81
2013,5,31,7.58
2012,5,1,7.76
2012,5,2,7.69
2012,5,3,7.56
2012,5,4,6.68
2012,5,5,6.82
2012,5,6,7.22
2012,5,7,6.57
2012,5,8,6.55
2012,5,9,7.07
2012,5,10,6.11
2012,5,11,6.22
2012,5,12,6.29
2012,5,13,7.42
2012,5,14,4.38
2012,5,15,7.45
2012,5,16,7.4
2012,5,17,5.88
2012,5,18,6.56
2012,5,19,7.23
2012,5,20,7.33
2012,5,21,6.91
2012,5,22,6.82
2012,5,23,7.55
2012,5,24,7.91
2012,5,25,7.51
2012,5,26,7.01
2012,5,27,7.29
2012,5,28,7.53
2012,5,29,7.55
2012,5,30,7.81
2012,5,31,7.1
2011,5,1,7.15
2011,5,2,7.48
2011,5,3,7.19
2011,5,4,6.03
2011,5,5,6.23
2011,5,6,6.8
2011,5,7,6.81
2011,5,8,7.26
2011,5,9,7.58
2011,5,10,7.2
2011,5,11,7.42
2011,5,12,6.8
2011,5,13,7.03
2011,5,14,6.95
2011,5,15,7.41
2011,5,16,7.33
2011,5,17,6.94
2011,5,18,7.13
2011,5,19,7.5
2011,5,20,7
2011,5,21,3.23
2011,5,22,4.64
2011,5,23,7.06
2011,5,24,7.27
2011,5,25,6.68
2011,5,26,5.26
2011,5,27,6.42
2011,5,28,7.17
2011,5,29,6.82
2011,5,30,7.27
2011,5,31,7.07
2010,5,1,5.73
2010,5,2,5.96
2010,5,3,6.38
2010,5,4,6.8
2010,5,5,6.25
2010,5,6,4.78
2010,5,7,5.27
2010,5,8,6.82
2010,5,9,6.8
2010,5,10,7.22
2010,5,11,7.16
2010,5,12,7.46
2010,5,13,7.02
2010,5,14,6.8
2010,5,15,7.28
2010,5,16,7.52
2010,5,17,6.37
2010,5,18,6.2
2010,5,19,7.06
2010,5,20,7.61
2010,5,21,8.15
2010,5,22,7.75
2010,5,23,6.38
2010,5,24,7.03
2010,5,25,7.46
2010,5,26,7.25
2010,5,27,6.29
2010,5,28,5.77
2010,5,29,5.32
2010,5,30,6.31
2010,5,31,7.56
2009,5,1,7.35
2009,5,2,6.13
2009,5,3,6.3
2009,5,4,6.53
2009,5,5,6.94
2009,5,6,7.59
2009,5,7,7.57
2009,5,8,7.3
2009,5,9,6.01
2009,5,10,5.69
2009,5,11,6.27
2009,5,12,7.35
2009,5,13,7.28
2009,5,14,7.43
2009,5,15,6.94
2009,5,16,7.07
2009,5,17,6.9
2009,5,18,7.23
2009,5,19,7.08
2009,5,20,6.83
2009,5,21,6.87
2009,5,22,5.69
2009,5,23,6.92
2009,5,24,6.85
2009,5,25,6.73
2009,5,26,7.64
2009,5,27,7.27
2009,5,28,6.79
2009,5,29,6.08
2009,5,30,6.27
2009,5,31,6.13
2008,5,1,6.33
2008,5,2,6.94
2008,5,3,7.41
2008,5,4,6.22
2008,5,5,5.84
2008,5,6,6.55
2008,5,7,4.2
2008,5,8,6.26
2008,5,9,6.1
2008,5,10,6.77
2008,5,11,5.48
2008,5,12,6.69
2008,5,13,7.08
2008,5,14,3.59
2008,5,15,6.46
2008,5,16,6.15
2008,5,17,6.98
2008,5,18,6.06
2008,5,19,3.73
2008,5,20,3.44
2008,5,21,2.8
2008,5,22,2.79
2008,5,23,6.84
2008,5,24,5.84
2008,5,25,6.54
2008,5,26,4.13
2008,5,27,6.78
2008,5,28,6.42
2008,5,29,6.75
2008,5,30,7.28
2008,5,31,5.44
2022,5,1,6.5
2022,5,2,7.04
2022,5,3,6.03
2022,5,4,5.47
2022,5,5,6.1
2022,5,6,5.76
2022,5,7,6.91
2022,5,8,6.76
2022,5,9,6.64
2022,5,10,6.2
2022,5,11,6.14
2022,5,12,6.58
2022,5,13,7.07
2022,5,14,7.54
2022,5,15,7.46
2022,5,16,5.76
2022,5,17,6.29
2022,5,18,6.13
2022,5,19,6.7
2022,5,20,6.41
2022,5,21,5.74
2022,5,22,6.59
2022,5,23,3.79
2022,5,24,6.35
2022,5,25,6.37
2022,5,26,6.45
2022,5,27,6.29
2022,5,28,6.19
2022,5,29,6.39
2022,5,30,6.09
2022,5,31,6.18
2021,5,1,6.26
2021,5,2,5.36
2021,5,3,6.25
2021,5,4,6.11
2021,5,5,6.51
2021,5,6,5.14
2021,5,7,6.47
2021,5,8,6.48
2021,5,9,5.72
2021,5,10,5.21
2021,5,11,6.64
2021,5,12,6.49
2021,5,13,5.68
2021,5,14,6.82
2021,5,15,5.13
2021,5,16,7.27
2021,5,17,3.36
2021,5,18,1.91
2021,5,19,1.39
2021,5,20,5.12
2021,5,21,4.96
2021,5,22,7.26
2021,5,23,6.28
2021,5,24,7.31
2021,5,25,8.01
2021,5,26,7.6
2021,5,27,7.45
2021,5,28,7.48
2021,5,29,7.14
2021,5,30,6.72
2021,5,31,6.49
2020,5,1,7.01
2020,5,2,7.12
2020,5,3,4.09
2020,5,4,6.58
2020,5,5,7.01
2020,5,6,5.44
2020,5,7,7.53
2020,5,8,7.48
2020,5,9,7.21
2020,5,10,3.56
2020,5,11,6.09
2020,5,12,6.4
2020,5,13,3.9
2020,5,14,6.71
2020,5,15,7.08
2020,5,16,7.49
2020,5,17,6.58
2020,5,18,7.27
2020,5,19,7.56
2020,5,20,7.88
2020,5,21,7.79
2020,5,22,7.92
2020,5,23,6.99
2020,5,24,7.5
2020,5,25,7.86
2020,5,26,7.49
2020,5,27,7.01
2020,5,28,6.17
2020,5,29,5.76
2020,5,30,6.3
2020,5,31,5.09
2019,5,1,7.16
2019,5,2,6.38
2019,5,3,6.51
2019,5,4,7.18
2019,5,5,7.9
2019,5,6,7.82
2019,5,7,7.09
2019,5,8,7.16
2019,5,9,7.15
2019,5,10,7.21
2019,5,11,6.86
2019,5,12,5.75
2019,5,13,5.94
2019,5,14,6.62
2019,5,15,4.99
2019,5,16,5.62
2019,5,17,6.31
2019,5,18,7.02
2019,5,19,7.46
2019,5,20,7.2
2019,5,21,6.48
2019,5,22,5.06
2019,5,23,6.17
2019,5,24,6.24
2019,5,25,7.72
2019,5,26,7.8
2019,5,27,7.63
2019,5,28,7.68
2019,5,29,7.87
2019,5,30,7.54
2019,5,31,7.3
2018,5,1,6.74
2018,5,2,5.77
2018,5,3,5.63
2018,5,4,6.43
2018,5,5,6.69
2018,5,6,6.11
2018,5,7,6.89
2018,5,8,6.14
2018,5,9,5.41
2018,5,10,6.94
2018,5,11,7
2018,5,12,6.35
2018,5,13,6.07
2018,5,14,5.81
2018,5,15,5.73
2018,5,16,6.5
2018,5,17,5.91
2018,5,18,6.29
2018,5,19,5.61
2018,5,20,6.49
2018,5,21,7.16
2018,5,22,7.04
2018,5,23,6.77
2018,5,24,6.21
2018,5,25,7.36
2018,5,26,7.61
2018,5,27,7.15
2018,5,28,6.62
2018,5,29,6.93
2018,5,30,5.66
2018,5,31,6.46
2017,5,1,7.55
2017,5,2,7.38
2017,5,3,4.01
2017,5,4,7.25
2017,5,5,6.97
2017,5,6,7.03
2017,5,7,6.99
2017,5,8,6.84
2017,5,9,7.09
2017,5,10,6.75
2017,5,11,7.2
2017,5,12,6.21
2017,5,13,7.11
2017,5,14,7.04
2017,5,15,7.59
2017,5,16,6.95
2017,5,17,4.91
2017,5,18,6.38
2017,5,19,5.48
2017,5,20,5.48
2017,5,21,6.24
2017,5,22,2.26
2017,5,23,6.72
2017,5,24,6.9
2017,5,25,7.01
2017,5,26,7.05
2017,5,27,7.24
2017,5,28,6.72
2017,5,29,5
2017,5,30,6.72
2017,5,31,3.47
2016,5,1,7.58
2016,5,2,7.26
2016,5,3,4.79
2016,5,4,5.57
2016,5,5,5.98
2016,5,6,5.51
2016,5,7,6.09
2016,5,8,6.36
2016,5,9,5.46
2016,5,10,6.29
2016,5,11,6.62
2016,5,12,6.92
2016,5,13,6.9
2016,5,14,7.18
2016,5,15,7.03
2016,5,16,7.4
2016,5,17,7.87
2016,5,18,7.93
2016,5,19,7.61
2016,5,20,7.11
2016,5,21,7.11
2016,5,22,7.1
2016,5,23,5.4
2016,5,24,6
2016,5,25,5.78
2016,5,26,6.39
2016,5,27,6.43
2016,5,28,6.25
2016,5,29,6.05
2016,5,30,4.18
2016,5,31,6.38
2015,5,1,6.93
2015,5,2,7.13
2015,5,3,7.35
2015,5,4,7.64
2015,5,5,7.35
2015,5,6,7.4
2015,5,7,7.26
2015,5,8,7.18
2015,5,9,6.82
2015,5,10,7.14
2015,5,11,6.36
2015,5,12,7.01
2015,5,13,4.21
2015,5,14,7.19
2015,5,15,6.24
2015,5,16,7.43
2015,5,17,7.52
2015,5,18,7.36
2015,5,19,4.9
2015,5,20,7.53
2015,5,21,7.67
2015,5,22,7.87
2015,5,23,7.36
2015,5,24,7.06
2015,5,25,6.8
2015,5,26,7.39
2015,5,27,8.34
2015,5,28,7.12
2015,5,29,7.04
2015,5,30,7.54
2015,5,31,6.59
2015,6,1,4.52
2015,6,2,6.68
2015,6,3,5.69
2015,6,4,7.11
2015,6,5,7.43
2015,6,6,7.39
2015,6,7,7.49
2015,6,8,7.56
2015,6,9,5.5
2015,6,10,6.4
2015,6,11,6.54
2015,6,12,7.15
2015,6,13,5.39
2015,6,14,3.55
2015,6,15,5.51
2015,6,16,6.8
2015,6,17,6.79
2015,6,18,6.73
2015,6,19,6.11
2015,6,20,5.95
2015,6,21,5.1
2015,6,22,6.27
2015,6,23,6.39
2015,6,24,5.06
2015,6,25,2.43
2015,6,26,6.94
2015,6,27,6.74
2015,6,28,6.71
2015,6,29,5.29
2015,6,30,5.65
2016,6,1,6.97
2016,6,2,7.06
2016,6,3,7.25
2016,6,4,7.09
2016,6,5,6.89
2016,6,6,6.09
2016,6,7,7.08
2016,6,8,7.06
2016,6,9,6.64
2016,6,10,6.56
2016,6,11,6.14
2016,6,12,6.51
2016,6,13,6.18
2016,6,14,5.08
2016,6,15,5.33
2016,6,16,6.46
2016,6,17,6.25
2016,6,18,6.33
2016,6,19,5.8
2016,6,20,3.36
2016,6,21,5.13
2016,6,22,5.73
2016,6,23,4.88
2016,6,24,6.05
2016,6,25,5.85
2016,6,26,5.35
2016,6,27,4.69
2016,6,28,4.12
2016,6,29,6.55
2016,6,30,6.17
2017,6,1,6.27
2017,6,2,7.58
2017,6,3,7.11
2017,6,4,7.04
2017,6,5,6.85
2017,6,6,6.55
2017,6,7,5.86
2017,6,8,5.36
2017,6,9,6.21
2017,6,10,6.51
2017,6,11,7.21
2017,6,12,7.49
2017,6,13,6.55
2017,6,14,6.21
2017,6,15,6.77
2017,6,16,4.93
2017,6,17,4.59
2017,6,18,5.77
2017,6,19,4.67
2017,6,20,5.02
2017,6,21,5.44
2017,6,22,5.91
2017,6,23,6.64
2017,6,24,6.74
2017,6,25,6.27
2017,6,26,6.2
2017,6,27,6.16
2017,6,28,2.7
2017,6,29,3.4
2017,6,30,3.28
2018,6,1,6.85
2018,6,2,6.31
2018,6,3,6.76
2018,6,4,6.55
2018,6,5,5.96
2018,6,6,4.14
2018,6,7,6.25
2018,6,8,5.69
2018,6,9,4.83
2018,6,10,5.94
2018,6,11,6.41
2018,6,12,6.24
2018,6,13,5.94
2018,6,14,5.64
2018,6,15,5.91
2018,6,16,5.71
2018,6,17,5.81
2018,6,18,5.73
2018,6,19,7.05
2018,6,20,6.51
2018,6,21,6.3
2018,6,22,6.97
2018,6,23,5.86
2018,6,24,6.04
2018,6,25,6.4
2018,6,26,2.02
2018,6,27,5.05
2018,6,28,5.54
2018,6,29,5.16
2018,6,30,6.02
2019,6,1,7.19
2019,6,2,7.19
2019,6,3,6.92
2019,6,4,6.78
2019,6,5,6.71
2019,6,6,6.54
2019,6,7,7.13
2019,6,8,7.53
2019,6,9,7.45
2019,6,10,7.07
2019,6,11,6.34
2019,6,12,6.75
2019,6,13,6.75
2019,6,14,7.67
2019,6,15,6.79
2019,6,16,4.19
2019,6,17,3.03
2019,6,18,4.98
2019,6,19,6.44
2019,6,20,7.14
2019,6,21,5.96
2019,6,22,6.86
2019,6,23,6.93
2019,6,24,5.26
2019,6,25,5.54
2019,6,26,6.32
2019,6,27,6.2
2019,6,28,6.14
2019,6,29,6.61
2019,6,30,6.07
2020,6,1,6.98
2020,6,2,6.66
2020,6,3,6.84
2020,6,4,3.39
2020,6,5,5.82
2020,6,6,6.54
2020,6,7,6.08
2020,6,8,7.09
2020,6,9,7.08
2020,6,10,6.46
2020,6,11,6.6
2020,6,12,6.05
2020,6,13,4.07
2020,6,14,5.89
2020,6,15,6.8
2020,6,16,6.7
2020,6,17,7.03
2020,6,18,6.93
2020,6,19,6.17
2020,6,20,4.72
2020,6,21,6.52
2020,6,22,6.6
2020,6,23,6.42
2020,6,24,4.2
2020,6,25,5.49
2020,6,26,5.1
2020,6,27,5.84
2020,6,28,6.26
2020,6,29,5.81
2020,6,30,5.64
2021,6,1,5.24
2021,6,2,6.04
2021,6,3,6.9
2021,6,4,6.08
2021,6,5,6.71
2021,6,6,7.19
2021,6,7,6.93
2021,6,8,6.72
2021,6,9,6.37
2021,6,10,6.09
2021,6,11,6.33
2021,6,12,6.25
2021,6,13,5.64
2021,6,14,6.73
2021,6,15,5.93
2021,6,16,5.27
2021,6,17,5.33
2021,6,18,5.75
2021,6,19,5.24
2021,6,20,4.84
2021,6,21,6.26
2021,6,22,6.54
2021,6,23,6.56
2021,6,24,5.54
2021,6,25,6.58
2021,6,26,6.06
2021,6,27,6.1
2021,6,28,6.31
2021,6,29,7.06
2021,6,30,6.83
2022,6,1,6.13
2022,6,2,6.31
2022,6,3,7.26
2022,6,4,7.35
2022,6,5,7.29
2022,6,6,7.44
2022,6,7,6.25
2022,6,8,6.59
2022,6,9,6.5
2022,6,10,6.5
2022,6,11,7.03
2022,6,12,6.88
2022,6,13,5.46
2022,6,14,5.17
2022,6,15,7.1
2022,6,16,6.71
2022,6,17,4.76
2022,6,18,4.96
2022,6,19,2.85
2022,6,20,4.56
2022,6,21,4.93
2022,6,22,6.06
2022,6,23,6.84
2022,6,24,7.12
2022,6,25,7.31
2022,6,26,6.5
2022,6,27,5.64
2022,6,28,4.74
2022,6,29,4.96
2022,6,30,1.07
2008,6,1,6.69
2008,6,2,6.47
2008,6,3,4.51
2008,6,4,6.83
2008,6,5,5.36
2008,6,6,6.32
2008,6,7,4.17
2008,6,8,5.85
2008,6,9,5.64
2008,6,10,5.58
2008,6,11,5.66
2008,6,12,4.44
2008,6,13,3.01
2008,6,14,5.28
2008,6,15,1.92
2008,6,16,3.05
2008,6,17,4.44
2008,6,18,4.81
2008,6,19,4.92
2008,6,20,5.81
2008,6,21,5.17
2008,6,22,5.54
2008,6,23,4.92
2008,6,24,3.99
2008,6,25,5.06
2008,6,26,5.93
2008,6,27,1.61
2008,6,28,4.36
2008,6,29,6.02
2008,6,30,5.4
2009,6,1,6.33
2009,6,2,6.81
2009,6,3,6.66
2009,6,4,6.72
2009,6,5,6
2009,6,6,7.02
2009,6,7,7.43
2009,6,8,7.94
2009,6,9,7.93
2009,6,10,5.73
2009,6,11,6.49
2009,6,12,6.6
2009,6,13,6.87
2009,6,14,6.47
2009,6,15,6.3
2009,6,16,7.34
2009,6,17,7.53
2009,6,18,7.31
2009,6,19,7.15
2009,6,20,7
2009,6,21,7.48
2009,6,22,7.62
2009,6,23,7.26
2009,6,24,7.23
2009,6,25,7.23
2009,6,26,7.03
2009,6,27,6.79
2009,6,28,5.72
2009,6,29,6.02
2009,6,30,5.42
2010,6,1,7.15
2010,6,2,6.18
2010,6,3,4.47
2010,6,4,6.28
2010,6,5,3.93
2010,6,6,4.35
2010,6,7,2.8
2010,6,8,3.38
2010,6,9,7.21
2010,6,10,7.18
2010,6,11,7.43
2010,6,12,7.22
2010,6,13,6.69
2010,6,14,7.08
2010,6,15,6.94
2010,6,16,4.47
2010,6,17,7.08
2010,6,18,7.67
2010,6,19,7.73
2010,6,20,7.37
2010,6,21,7.21
2010,6,22,6.62
2010,6,23,6.37
2010,6,24,5.56
2010,6,25,5.46
2010,6,26,6.92
2010,6,27,6.27
2010,6,28,4.56
2010,6,29,5.76
2010,6,30,5.3
2011,6,1,7.11
2011,6,2,5.86
2011,6,3,7.41
2011,6,4,7.37
2011,6,5,7.2
2011,6,6,6.86
2011,6,7,7.22
2011,6,8,7.15
2011,6,9,6.46
2011,6,10,6
2011,6,11,6.79
2011,6,12,6.55
2011,6,13,6.23
2011,6,14,6.63
2011,6,15,4.69
2011,6,16,5.69
2011,6,17,4.72
2011,6,18,5.94
2011,6,19,5.96
2011,6,20,5.72
2011,6,21,5.54
2011,6,22,6.06
2011,6,23,6.17
2011,6,24,5.85
2011,6,25,4.11
2011,6,26,1.96
2011,6,27,4.22
2011,6,28,4.92
2011,6,29,3.12
2011,6,30,4.65
2012,6,1,6.68
2012,6,2,6.36
2012,6,3,6.01
2012,6,4,6.74
2012,6,5,5.93
2012,6,6,6.95
2012,6,7,4.34
2012,6,8,6.46
2012,6,9,6.88
2012,6,10,6.9
2012,6,11,6.85
2012,6,12,6.78
2012,6,13,6.75
2012,6,14,6.68
2012,6,15,6.99
2012,6,16,6.97
2012,6,17,7.05
2012,6,18,4.13
2012,6,19,6.93
2012,6,20,7.24
2012,6,21,7.01
2012,6,22,6.52
2012,6,23,6.63
2012,6,24,5.89
2012,6,25,6.46
2012,6,26,6.25
2012,6,27,5.53
2012,6,28,5.95
2012,6,29,6.19
2012,6,30,6.96
2013,6,1,7.37
2013,6,2,6.55
2013,6,3,6.35
2013,6,4,6.76
2013,6,5,7.24
2013,6,6,6.55
2013,6,7,6.16
2013,6,8,6.69
2013,6,9,6.21
2013,6,10,6.43
2013,6,11,2.95
2013,6,12,5.87
2013,6,13,3.51
2013,6,14,5.06
2013,6,15,6.01
2013,6,16,2.48
2013,6,17,4.21
2013,6,18,3.45
2013,6,19,6.85
2013,6,20,6.78
2013,6,21,6.94
2013,6,22,6.81
2013,6,23,6.26
2013,6,24,5.52
2013,6,25,4.48
2013,6,26,5.06
2013,6,27,5.9
2013,6,28,5.58
2013,6,29,5.95
2013,6,30,5.83
2014,6,1,6.03
2014,6,2,7.51
2014,6,3,7.72
2014,6,4,7.77
2014,6,5,7.47
2014,6,6,7.35
2014,6,7,7.39
2014,6,8,7.14
2014,6,9,7.24
2014,6,10,7.54
2014,6,11,7.35
2014,6,12,5.18
2014,6,13,4.88
2014,6,14,4.67
2014,6,15,5.99
2014,6,16,6.6
2014,6,17,6.81
2014,6,18,6.56
2014,6,19,6.48
2014,6,20,6.87
2014,6,21,6.11
2014,6,22,6.34
2014,6,23,5.19
2014,6,24,6.17
2014,6,25,5.6
2014,6,26,5.95
2014,6,27,6.36
2014,6,28,6.21
2014,6,29,6.1
2014,6,30,5.27
2023,6,1,5.75
2023,6,2,7.33
2023,6,3,7.35
2023,6,4,4.63
2023,6,5,6.96
2023,6,6,7.3
2023,6,7,7.05
2023,6,8,7.41
2023,6,9,7.17
2023,6,10,7
2023,6,11,7.17
2023,6,12,6.91
2023,6,13,7.53
2023,6,14,7.46
2023,6,15,6.57
2023,6,16,5.82
2023,6,17,5.88
2023,6,18,6.07
2023,6,19,3.42
2023,6,20,6.27
2023,6,21,5.28
2023,6,22,5.28
2023,6,23,4.4
2023,6,24,3.23
2023,6,25,1.77
2023,6,26,3.92
2023,6,27,4.77
2023,6,28,5
2023,6,29,4.5
2023,6,30,4.44
2022,7,1,3.45
2022,7,2,4.97
2022,7,3,5.18
2022,7,4,5.44
2022,7,5,5.27
2022,7,6,5.57
2022,7,7,6.44
2022,7,8,6.54
2022,7,9,3.1
2022,7,10,4.2
2022,7,11,5.64
2022,7,12,3.8
2022,7,13,4.78
2022,7,14,5.63
2022,7,15,6.19
2022,7,16,3.17
2022,7,17,4.93
2022,7,18,6.24
2022,7,19,5.41
2022,7,20,2.49
2022,7,21,3.78
2022,7,22,4.19
2022,7,23,4.38
2022,7,24,5
2022,7,25,5.46
2022,7,26,4.81
2022,7,27,4.58
2022,7,28,4.56
2022,7,29,3.24
2022,7,30,3.74
2022,7,31,4.3
2021,7,1,6.67
2021,7,2,5.84
2021,7,3,4.91
2021,7,4,6.68
2021,7,5,6.29
2021,7,6,6.7
2021,7,7,6.76
2021,7,8,6.38
2021,7,9,5.46
2021,7,10,6.37
2021,7,11,5.07
2021,7,12,4.15
2021,7,13,2.59
2021,7,14,2.29
2021,7,15,5.62
2021,7,16,6.23
2021,7,17,5.5
2021,7,18,2.95
2021,7,19,0.71
2021,7,20,3.55
2021,7,21,4.99
2021,7,22,3.99
2021,7,23,4.81
2021,7,24,5.34
2021,7,25,6.05
2021,7,26,2.64
2021,7,27,2.42
2021,7,28,0.95
2021,7,29,3.88
2021,7,30,3.35
2021,7,31,5.22
2020,7,1,4.93
2020,7,2,5.51
2020,7,3,5.49
2020,7,4,5.54
2020,7,5,5.37
2020,7,6,4.94
2020,7,7,4.42
2020,7,8,4.28
2020,7,9,5.92
2020,7,10,5.66
2020,7,11,5.44
2020,7,12,5.41
2020,7,13,6.72
2020,7,14,6.16
2020,7,15,5.02
2020,7,16,5.01
2020,7,17,4.72
2020,7,18,3.9
2020,7,19,3.87
2020,7,20,4.09
2020,7,21,3.98
2020,7,22,3.31
2020,7,23,6.6
2020,7,24,5.68
2020,7,25,4.82
2020,7,26,6.26
2020,7,27,6.12
2020,7,28,5.92
2020,7,29,4.33
2020,7,30,4.09
2020,7,31,4.7
2019,7,1,6.61
2019,7,2,5.62
2019,7,3,5.91
2019,7,4,3.43
2019,7,5,2.88
2019,7,6,5.48
2019,7,7,5.14
2019,7,8,5.15
2019,7,9,3.56
2019,7,10,4.99
2019,7,11,4.78
2019,7,12,4.85
2019,7,13,5.35
2019,7,14,5.56
2019,7,15,3.68
2019,7,16,4.21
2019,7,17,4.47
2019,7,18,3.1
2019,7,19,6.2
2019,7,20,4.71
2019,7,21,4.79
2019,7,22,5.59
2019,7,23,5.78
2019,7,24,4.86
2019,7,25,2.22
2019,7,26,2.68
2019,7,27,3.02
2019,7,28,4.81
2019,7,29,5.57
2019,7,30,4.66
2019,7,31,4.53
2018,7,1,5.41
2018,7,2,4.8
2018,7,3,5.42
2018,7,4,5.93
2018,7,5,5.59
2018,7,6,6.36
2018,7,7,6.18
2018,7,8,6.47
2018,7,9,5.65
2018,7,10,5.7
2018,7,11,3.65
2018,7,12,4.59
2018,7,13,3.44
2018,7,14,3.45
2018,7,15,4.71
2018,7,16,3.99
2018,7,17,5.43
2018,7,18,6.07
2018,7,19,5.93
2018,7,20,2.77
2018,7,21,3.64
2018,7,22,3.49
2018,7,23,5.07
2018,7,24,5.15
2018,7,25,1.95
2018,7,26,1.34
2018,7,27,1.43
2018,7,28,3.5
2018,7,29,5.18
2018,7,30,4.17
2018,7,31,3.66
2017,7,1,5.71
2017,7,2,2.92
2017,7,3,5.49
2017,7,4,5.93
2017,7,5,4.69
2017,7,6,3.9
2017,7,7,5.07
2017,7,8,5.59
2017,7,9,5.92
2017,7,10,6.23
2017,7,11,4.51
2017,7,12,4.09
2017,7,13,6.22
2017,7,14,6.41
2017,7,15,4.75
2017,7,16,4.4
2017,7,17,2.55
2017,7,18,6.56
2017,7,19,6.66
2017,7,20,4.54
2017,7,21,6.17
2017,7,22,4.67
2017,7,23,4.64
2017,7,24,5.09
2017,7,25,4.5
2017,7,26,5.43
2017,7,27,5.04
2017,7,28,5.46
2017,7,29,5.11
2017,7,30,4.93
2017,7,31,3.44
2016,7,1,4.58
2016,7,2,2.86
2016,7,3,3.12
2016,7,4,4.21
2016,7,5,5.42
2016,7,6,5.01
2016,7,7,5.44
2016,7,8,3.1
2016,7,9,5.29
2016,7,10,5.03
2016,7,11,3.86
2016,7,12,4.58
2016,7,13,5.08
2016,7,14,4.44
2016,7,15,3.71
2016,7,16,1.51
2016,7,17,2.19
2016,7,18,4.36
2016,7,19,6.43
2016,7,20,6.35
2016,7,21,6.16
2016,7,22,5.55
2016,7,23,5.28
2016,7,24,4.54
2016,7,25,4.14
2016,7,26,3.63
2016,7,27,2.53
2016,7,28,3.94
2016,7,29,2.24
2016,7,30,3.14
2016,7,31,3.26
2015,7,1,6.55
2015,7,2,6.39
2015,7,3,6.29
2015,7,4,6.06
2015,7,5,5.62
2015,7,6,2.85
2015,7,7,4.5
2015,7,8,5.66
2015,7,9,3.78
2015,7,10,1.3
2015,7,11,1.44
2015,7,12,1.67
2015,7,13,6.26
2015,7,14,6.55
2015,7,15,6.76
2015,7,16,5.18
2015,7,17,4.77
2015,7,18,3.33
2015,7,19,4.95
2015,7,20,3.42
2015,7,21,5.51
2015,7,22,6.05
2015,7,23,6.01
2015,7,24,5.38
2015,7,25,5.95
2015,7,26,5.29
2015,7,27,6.12
2015,7,28,6.04
2015,7,29,3.89
2015,7,30,4.13
2015,7,31,3.79
2023,7,1,4.83
2023,7,2,5.48
2023,7,3,6.01
2023,7,4,4.12
2023,7,5,4.67
2023,7,6,3.26
2023,7,7,4.09
2023,7,8,2.01
2023,7,9,2.49
2023,7,10,3.47
2023,7,11,3.6
2023,7,12,4.42
2023,7,13,4.54
2023,7,14,3.82
2023,7,15,3.23
2023,7,16,4.84
2023,7,17,4.26
2023,7,18,2.79
2023,7,19,5.63
2023,7,20,6.61
2023,7,21,4.84
2023,7,22,5.39
2023,7,23,6
2023,7,24,6.36
2023,7,25,4.97
2023,7,26,2.22
2023,7,27,5.06
2023,7,28,3.84
2023,7,29,4.35
2023,7,30,5.8
2023,7,31,5.57
2014,7,1,5.33
2014,7,2,4.96
2014,7,3,4.4
2014,7,4,5.99
2014,7,5,5.67
2014,7,6,4.04
2014,7,7,6.34
2014,7,8,6.75
2014,7,9,6.99
2014,7,10,7.05
2014,7,11,7.1
2014,7,12,6.5
2014,7,13,4.42
2014,7,14,4.79
2014,7,15,5.69
2014,7,16,4.9
2014,7,17,5.07
2014,7,18,2.01
2014,7,19,4.34
2014,7,20,4.48
2014,7,21,5.26
2014,7,22,5.34
2014,7,23,4.08
2014,7,24,4.59
2014,7,25,5.24
2014,7,26,5.62
2014,7,27,5.32
2014,7,28,4.12
2014,7,29,5.01
2014,7,30,5.61
2014,7,31,5.58
2013,7,1,5.79
2013,7,2,4.63
2013,7,3,3.68
2013,7,4,5.56
2013,7,5,5.16
2013,7,6,4.61
2013,7,7,3.92
2013,7,8,4.57
2013,7,9,4.47
2013,7,10,5.02
2013,7,11,5.82
2013,7,12,3.86
2013,7,13,6.6
2013,7,14,5.69
2013,7,15,4.86
2013,7,16,3.53
2013,7,17,3.25
2013,7,18,4.49
2013,7,19,4.18
2013,7,20,1.49
2013,7,21,4.88
2013,7,22,3.7
2013,7,23,5.4
2013,7,24,5.46
2013,7,25,3.47
2013,7,26,5.14
2013,7,27,5.32
2013,7,28,6.59
2013,7,29,4.2
2013,7,30,3.65
2013,7,31,3.14
2012,7,1,6.88
2012,7,2,6.33
2012,7,3,4.82
2012,7,4,5.5
2012,7,5,5.51
2012,7,6,4.23
2012,7,7,2.71
2012,7,8,4.96
2012,7,9,4.33
2012,7,10,5.52
2012,7,11,5.07
2012,7,12,3.95
2012,7,13,4.29
2012,7,14,4.35
2012,7,15,6.07
2012,7,16,6.35
2012,7,17,6.55
2012,7,18,6.64
2012,7,19,6.56
2012,7,20,5.36
2012,7,21,5.13
2012,7,22,5.68
2012,7,23,4.49
2012,7,24,5.45
2012,7,25,3.53
2012,7,26,3.28
2012,7,27,4.35
2012,7,28,3.91
2012,7,29,2.49
2012,7,30,2.74
2012,7,31,1.52
2011,7,1,5.21
2011,7,2,5.12
2011,7,3,5.94
2011,7,4,5.57
2011,7,5,4.25
2011,7,6,3.36
2011,7,7,5.18
2011,7,8,2.97
2011,7,9,4.66
2011,7,10,3.48
2011,7,11,5.02
2011,7,12,4.54
2011,7,13,5.54
2011,7,14,3.13
2011,7,15,2.78
2011,7,16,4.67
2011,7,17,4.45
2011,7,18,4.66
2011,7,19,5.73
2011,7,20,4.2
2011,7,21,4.05
2011,7,22,4.46
2011,7,23,3.9
2011,7,24,5.54
2011,7,25,4.18
2011,7,26,4.91
2011,7,27,2.25
2011,7,28,3.93
2011,7,29,4.07
2011,7,30,4.18
2011,7,31,5.39
2010,7,1,5.68
2010,7,2,6.21
2010,7,3,5.75
2010,7,4,3.41
2010,7,5,3.13
2010,7,6,4.44
2010,7,7,5.8
2010,7,8,6.36
2010,7,9,5.71
2010,7,10,6.78
2010,7,11,5.48
2010,7,12,5.17
2010,7,13,5.85
2010,7,14,6.18
2010,7,15,4.57
2010,7,16,5.57
2010,7,17,3.94
2010,7,18,5.56
2010,7,19,2.19
2010,7,20,2.58
2010,7,21,4.21
2010,7,22,4.6
2010,7,23,5.55
2010,7,24,4.18
2010,7,25,4.69
2010,7,26,6.11
2010,7,27,2.01
2010,7,28,5.06
2010,7,29,5.3
2010,7,30,2.82
2010,7,31,1.47
2009,7,1,4.88
2009,7,2,5.46
2009,7,3,5.71
2009,7,4,5.41
2009,7,5,6.18
2009,7,6,7.12
2009,7,7,6.89
2009,7,8,6.63
2009,7,9,4.66
2009,7,10,3.76
2009,7,11,5.82
2009,7,12,5.88
2009,7,13,3.72
2009,7,14,5.56
2009,7,15,3.54
2009,7,16,6.76
2009,7,17,6.46
2009,7,18,6.23
2009,7,19,5.66
2009,7,20,4.32
2009,7,21,5.1
2009,7,22,5.78
2009,7,23,5.35
2009,7,24,5.12
2009,7,25,5.24
2009,7,26,6.15
2009,7,27,4.66
2009,7,28,3.64
2009,7,29,4.91
2009,7,30,5.66
2009,7,31,5.96
2008,7,1,5.85
2008,7,2,5.72
2008,7,3,5.42
2008,7,4,5.39
2008,7,5,2.11
2008,7,6,1.97
2008,7,7,3.17
2008,7,8,4.48
2008,7,9,4.99
2008,7,10,5.83
2008,7,11,5.5
2008,7,12,3.72
2008,7,13,4.6
2008,7,14,4.92
2008,7,15,5.4
2008,7,16,5.57
2008,7,17,4.16
2008,7,18,4.9
2008,7,19,5.73
2008,7,20,4.15
2008,7,21,4.19
2008,7,22,4.81
2008,7,23,6.03
2008,7,24,4.33
2008,7,25,5.19
2008,7,26,4.8
2008,7,27,3.73
2008,7,28,6.31
2008,7,29,7.11
2008,7,30,5.97
2008,7,31,3.37
